Passage,WordNo,NewID,Sentence,WP,WordNoPunctuation,Word,WordClass,SimilarityWithPrevious,PartOfSpeech
1,1,1Aw01,1,1,Very,Very,Content,null,ADV
1,2,1Aw02,1,2,few,few,Content,0.18984218873220016,ADJ
1,3,1Aw03,1,3,issues,issues,Content,0.14730018791399555,NOUN
1,4,1Aw04,1,4,can,can,Function,0.27303981047049225,AUX
1,5,1Aw05,1,5,bring,bring,Content,0.19822961978623127,VERB
1,6,1Aw06,1,6,together,together,Content,0.30000838998493606,ADV
1,7,1Aw07,1,7,lawmakers,lawmakers,Content,0.16010041370735328,NOUN
1,8,1Aw08,1,8,of,of,Function,null,ADP
1,9,1Aw09,1,9,both,both,Function,0.437474755237959,PRON
1,10,1Aw10,1,10,parties,parties.,Content,0.33400488099464337,NOUN
1,11,1Bw01,2,1,Animal,Animal,Content,null,PROPN
1,12,1Bw02,2,2,cruelty,cruelty,Content,0.41137841492364996,NOUN
1,13,1Bw03,2,3,is,is,Content,0.08655151360476572,AUX
1,14,1Bw04,2,4,one,one,Function,0.19771677247119893,NUM
1,15,1Bw05,2,5,of,of,Function,null,ADP
1,16,1Bw06,2,6,them,them.,Function,0.17945921548980645,PRON
2,1,2Aw01,1,1,Koalas,Koalas,Content,null,PROPN
2,2,2Aw02,1,2,have,have,Content,0.10662717586958625,VERB
2,3,2Aw03,1,3,been,been,Content,0.28827058306859027,AUX
2,4,2Aw04,1,4,running,running,Content,0.06894162300861403,VERB
2,5,2Aw05,1,5,into,into,Function,0.12587664578362712,ADP
2,6,2Aw06,1,6,hard,hard,Content,0.15364461642405988,ADJ
2,7,2Aw07,1,7,times,times.,Content,0.3459077787893644,NOUN
2,8,2Bw01,2,1,They,They,Function,null,PRON
2,9,2Bw02,2,2,have,have,Content,null,VERB
2,10,2Bw03,2,3,suffered,suffered,Content,0.17592643054136153,VERB
2,11,2Bw04,2,4,for,for,Function,0.23141911196059448,ADP
2,12,2Bw05,2,5,years,years,Content,0.24173296114953488,NOUN
2,13,2Bw06,2,6,from,from,Function,0.19174265599102447,ADP
2,14,2Bw07,2,7,habitat,habitat,Content,0.060316160638659945,NOUN
2,15,2Bw08,2,8,destruction,"destruction,",Content,0.23323098350151197,NOUN
2,16,2Bw09,2,9,dog,dog,Content,0.13709937243726922,NOUN
2,17,2Bw10,2,10,attacks,"attacks,",Content,0.26288019300966486,NOUN
2,18,2Bw11,2,11,automobile,automobile,Content,0.18794896178124865,NOUN
2,19,2Bw12,2,12,accidents,accidents.,Content,0.40975338135982375,NOUN
3,1,3Aw01,1,1,Pancreatic,Pancreatic,Content,null,ADJ
3,2,3Aw02,1,2,cancer,cancer,Content,0.49660575476812224,NOUN
3,3,3Aw03,1,3,has,has,Content,0.04361205510073319,VERB
3,4,3Aw04,1,4,a,a,Function,null,INTJ
3,5,3Aw05,1,5,bad,bad,Content,0.08299453866381876,ADJ
3,6,3Aw06,1,6,reputation,reputation.,Content,0.15723279859060496,NOUN
3,7,3Bw01,2,1,It,It,Function,null,PRON
3,8,3Bw02,2,2,is,is,Content,null,AUX
3,9,3Bw03,2,3,a,a,Function,null,INTJ
3,10,3Bw04,2,4,terrible,terrible,Content,0.12493758233585676,ADJ
3,11,3Bw05,2,5,disease,"disease,",Content,0.17549005188103314,NOUN
3,12,3Bw06,2,6,but,but,Function,0.29927916843024377,CCONJ
3,13,3Bw07,2,7,most,most,Content,0.2081632516524678,ADJ
3,14,3Bw08,2,8,people,people,Content,0.29368491927187307,NOUN
3,15,3Bw09,2,9,do,do,Content,0.4133062625880104,VERB
3,16,3Bw10,2,10,not,not,Content,0.5631688404499757,PART
3,17,3Bw11,2,11,realize,realize,Content,0.3966462336675704,VERB
3,18,3Bw12,2,12,there,there,Content,0.4471910592560769,ADV
3,19,3Bw13,2,13,are,are,Content,0.4157920318973795,AUX
3,20,3Bw14,2,14,ways,ways,Content,0.2950817799886219,NOUN
3,21,3Bw15,2,15,that,that,Function,0.560612910398223,SCONJ
3,22,3Bw16,2,16,early,early,Content,0.20562991593742572,ADV
3,23,3Bw17,2,17,detection,detection,Content,0.15578280778682976,NOUN
3,24,3Bw18,2,18,can,can,Function,0.4918996024770204,AUX
3,25,3Bw19,2,19,help,help.,Content,0.3734114699578874,VERB
4,1,4Aw01,1,1,Some,Some,Function,null,PRON
4,2,4Aw02,1,2,nutrition,nutrition,Content,null,NOUN
4,3,4Aw03,1,3,experts,experts,Content,0.16736596319855568,NOUN
4,4,4Aw04,1,4,say,say,Content,0.18350992313140818,VERB
4,5,4Aw05,1,5,eggs,eggs,Content,0.16074215026259975,NOUN
4,6,4Aw06,1,6,are,are,Content,0.21490258057669365,AUX
4,7,4Aw07,1,7,good,good,Content,0.21325810618905636,ADJ
4,8,4Aw08,1,8,for,for,Function,0.28149229850387164,ADP
4,9,4Aw09,1,9,you,"you,",Function,0.326154068047133,PRON
4,10,4Aw10,1,10,even,even,Content,0.31321394469927377,ADV
4,11,4Aw11,1,11,though,though,Function,0.398064289903534,ADV
4,12,4Aw12,1,12,they,they,Function,0.47888494189268943,PRON
4,13,4Aw13,1,13,are,are,Content,0.48966862591492943,AUX
4,14,4Aw14,1,14,high,high,Content,0.19854828565698446,ADJ
4,15,4Aw15,1,15,in,in,Function,0.26495049485718103,ADP
4,16,4Aw16,1,16,cholesterol,cholesterol.,Content,0.3130875157317732,NOUN
4,17,4Bw01,2,1,Others,Others,Content,null,NOUN
4,18,4Bw02,2,2,are,are,Content,0.2241713391944492,AUX
4,19,4Bw03,2,3,sure,sure,Content,0.16305674468165365,INTJ
4,20,4Bw04,2,4,they,they,Function,0.5756278976930264,PRON
4,21,4Bw05,2,5,are,are,Content,0.7112429818317095,AUX
4,22,4Bw06,2,6,bad,bad.,Content,0.2118460806373797,ADJ
5,1,5Aw01,1,1,Experts,Experts,Content,null,NOUN
5,2,5Aw02,1,2,generally,generally,Content,0.16900410194368312,ADV
5,3,5Aw03,1,3,agree,agree,Content,0.21622251585756877,VERB
5,4,5Aw04,1,4,that,that,Function,0.3292761825992852,SCONJ
5,5,5Aw05,1,5,watching,watching,Content,0.13032412839784352,VERB
5,6,5Aw06,1,6,a,a,Function,null,INTJ
5,7,5Aw07,1,7,lot,lot,Content,0.3001458914796364,NOUN
5,8,5Aw08,1,8,of,of,Function,null,ADP
5,9,5Aw09,1,9,television,television,Content,0.2094499991500755,NOUN
5,10,5Aw10,1,10,is,is,Content,0.19247914470142666,AUX
5,11,5Aw11,1,11,bad,bad,Content,0.3251621622800426,ADJ
5,12,5Aw12,1,12,for,for,Function,0.3101018703818473,ADP
5,13,5Aw13,1,13,children,children.,Content,0.19280297189022405,NOUN
5,14,5Bw01,2,1,Now,Now,Content,null,INTJ
5,15,5Bw02,2,2,a,a,Function,null,INTJ
5,16,5Bw03,2,3,new,new,Content,0.26457244139553143,ADJ
5,17,5Bw04,2,4,study,study,Content,0.07273814464045675,NOUN
5,18,5Bw05,2,5,suggests,suggests,Content,0.31442677502010175,VERB
5,19,5Bw06,2,6,it,it,Function,0.25544925956962805,PRON
5,20,5Bw07,2,7,may,may,Function,0.3794423671364538,AUX
5,21,5Bw08,2,8,not,not,Content,0.2755215154903261,PART
5,22,5Bw09,2,9,be,be,Content,0.3740006349769162,AUX
5,23,5Bw10,2,10,very,very,Content,0.3492814596067745,ADV
5,24,5Bw11,2,11,good,good,Content,0.36480333509506147,ADJ
5,25,5Bw12,2,12,for,for,Function,0.3884327945812592,ADP
5,26,5Bw13,2,13,adults,"adults,",Content,0.2479569179998585,NOUN
5,27,5Bw14,2,14,either,either.,Function,0.4159062061318439,ADV
6,1,6Aw01,1,1,Legislators,Legislators,Content,null,NOUN
6,2,6Aw02,1,2,and,and,Function,null,CCONJ
6,3,6Aw03,1,3,gun,gun,Content,0.15112925462493754,NOUN
6,4,6Aw04,1,4,safety,safety,Content,0.1569778833688041,NOUN
6,5,6Aw05,1,5,advocates,advocates,Content,0.4200807424513134,NOUN
6,6,6Aw06,1,6,often,often,Content,0.19310876432765342,ADV
6,7,6Aw07,1,7,focus,focus,Content,0.1110475523182578,NOUN
6,8,6Aw08,1,8,on,on,Function,0.17341433270952292,ADP
6,9,6Aw09,1,9,how,how,Content,0.2516690005359508,SCONJ
6,10,6Aw10,1,10,guns,guns,Content,0.44565647517870105,NOUN
6,11,6Aw11,1,11,are,are,Content,0.23900222549212385,AUX
6,12,6Aw12,1,12,purchased,purchased.,Content,0.030031901703323722,VERB
6,13,6Bw01,2,1,But,But,Function,null,CCONJ
6,14,6Bw02,2,2,many,many,Content,null,ADJ
6,15,6Bw03,2,3,lives,lives,Content,0.20561657212725734,NOUN
6,16,6Bw04,2,4,could,could,Function,0.25803745378728943,AUX
6,17,6Bw05,2,5,be,be,Content,0.13837607418249154,AUX
6,18,6Bw06,2,6,saved,"saved,",Content,0.25982465951628547,VERB
6,19,6Bw07,2,7,especially,especially,Content,0.31953928262928355,ADV
6,20,6Bw08,2,8,among,among,Function,0.26946473621901207,ADP
6,21,6Bw09,2,9,children,"children,",Content,0.29869999350270204,NOUN
6,22,6Bw10,2,10,if,if,Function,0.3415724782195712,SCONJ
6,23,6Bw11,2,11,they,they,Function,0.41102802465441285,PRON
6,24,6Bw12,2,12,looked,looked,Content,0.22587993692698302,VERB
6,25,6Bw13,2,13,more,more,Content,0.3136333455578176,ADJ
6,26,6Bw14,2,14,at,at,Function,0.187238991368146,ADP
6,27,6Bw15,2,15,how,how,Content,0.3631843387612918,SCONJ
6,28,6Bw16,2,16,they,they,Function,0.5066901240885902,PRON
6,29,6Bw17,2,17,are,are,Content,0.44365408182374505,AUX
6,30,6Bw18,2,18,stored,stored.,Content,0.20931337752139578,VERB
7,1,7Aw01,1,1,In,In,Function,null,ADP
7,2,7Aw02,1,2,general,"general,",Content,null,ADJ
7,3,7Aw03,1,3,any,any,Function,0.18848512932410624,INTJ
7,4,7Aw04,1,4,exercise,exercise,Content,0.0902523486491124,NOUN
7,5,7Aw05,1,5,improves,improves,Content,0.11960417682267384,VERB
7,6,7Aw06,1,6,our,our,Function,0.2158284551121935,PRON
7,7,7Aw07,1,7,health,health.,Content,0.25826115515599474,NOUN
7,8,7Bw01,2,1,But,But,Function,null,CCONJ
7,9,7Bw02,2,2,a,a,Function,null,INTJ
7,10,7Bw03,2,3,wealth,wealth,Content,null,NOUN
7,11,7Bw04,2,4,of,of,Function,null,ADP
7,12,7Bw05,2,5,recent,recent,Content,0.03509178849732043,ADJ
7,13,7Bw06,2,6,science,science,Content,0.0827363107347371,NOUN
7,14,7Bw07,2,7,and,and,Function,null,CCONJ
7,15,7Bw08,2,8,personal,personal,Content,0.28145261911182057,ADJ
7,16,7Bw09,2,9,experience,experience,Content,0.32095392077891194,NOUN
7,17,7Bw10,2,10,indicate,indicate,Content,0.07043582713703127,VERB
7,18,7Bw11,2,11,that,that,Function,0.3042198076209119,SCONJ
7,19,7Bw12,2,12,different,different,Content,0.21421771674812023,ADJ
7,20,7Bw13,2,13,people,people,Content,0.2641281683185956,NOUN
7,21,7Bw14,2,14,can,can,Function,0.24988348686241402,AUX
7,22,7Bw15,2,15,respond,respond,Content,0.19790551573558737,VERB
7,23,7Bw16,2,16,to,to,Function,null,ADP
7,24,7Bw17,2,17,similar,similar,Content,0.3554093190090257,ADJ
7,25,7Bw18,2,18,exercise,exercise,Content,0.1830950121844238,NOUN
7,26,7Bw19,2,19,routines,routines,Content,0.18693703382366084,NOUN
7,27,7Bw20,2,20,in,in,Function,0.3196413083575422,ADP
7,28,7Bw21,2,21,different,different,Content,0.49205276260270997,ADJ
7,29,7Bw22,2,22,ways,ways.,Content,0.305644562204317,NOUN
8,1,8Aw01,1,1,When,When,Content,null,SCONJ
8,2,8Aw02,1,2,new,new,Content,0.15497870156068638,ADJ
8,3,8Aw03,1,3,breast,breast,Content,0.01992158607184974,NOUN
8,4,8Aw04,1,4,cancer,cancer,Content,0.3806223910101539,NOUN
8,5,8Aw05,1,5,drugs,drugs,Content,0.2068308270302715,NOUN
8,6,8Aw06,1,6,come,come,Content,0.12974635162026105,VERB
8,7,8Aw07,1,7,to,to,Function,null,ADP
8,8,8Aw08,1,8,market,"market,",Content,0.12591931957062144,NOUN
8,9,8Aw09,1,9,there,there,Content,0.2501991150278121,ADV
8,10,8Aw10,1,10,is,is,Content,0.23321924613894296,AUX
8,11,8Aw11,1,11,little,little,Content,0.35306373441179806,ADJ
8,12,8Aw12,1,12,data,data,Content,0.17048525833359227,NOUN
8,13,8Aw13,1,13,to,to,Function,null,ADP
8,14,8Aw14,1,14,indicate,indicate,Content,0.22327767831662862,VERB
8,15,8Aw15,1,15,whether,whether,Function,0.2942357311106965,SCONJ
8,16,8Aw16,1,16,they,they,Function,0.41214408306692896,PRON
8,17,8Aw17,1,17,are,are,Content,0.3623448406707077,AUX
8,18,8Aw18,1,18,safe,safe,Content,0.24959340683565662,ADJ
8,19,8Aw19,1,19,or,or,Function,0.33859514574443217,CCONJ
8,20,8Aw20,1,20,effective,effective,Content,0.2618308299875606,ADJ
8,21,8Aw21,1,21,in,in,Function,0.3461680371385039,ADP
8,22,8Aw22,1,22,men,men.,Content,0.21259539481972825,NOUN
8,23,8Bw01,2,1,Some,Some,Function,null,PRON
8,24,8Bw02,2,2,new,new,Content,null,ADJ
8,25,8Bw03,2,3,drugs,drugs,Content,0.06423329065590407,NOUN
8,26,8Bw04,2,4,are,are,Content,0.1655725571903033,AUX
8,27,8Bw05,2,5,approved,approved,Content,0.19611018023915253,VERB
8,28,8Bw06,2,6,only,only,Content,0.21806481605820494,ADV
8,29,8Bw07,2,7,for,for,Function,0.3390905158305553,ADP
8,30,8Bw08,2,8,women,women.,Content,0.20973539588017454,NOUN
9,1,9Aw01,1,1,An,An,Function,null,PRON
9,2,9Aw02,1,2,extensive,extensive,Content,null,ADJ
9,3,9Aw03,1,3,study,study,Content,0.12788593333126,NOUN
9,4,9Aw04,1,4,confirms,confirms,Content,0.21929728620605826,VERB
9,5,9Aw05,1,5,that,that,Function,0.2487952793536338,SCONJ
9,6,9Aw06,1,6,red,red,Content,0.026138078806730483,PROPN
9,7,9Aw07,1,7,meat,meat,Content,0.12872913054213578,NOUN
9,8,9Aw08,1,8,might,might,Function,0.16202855079260323,ADV
9,9,9Aw09,1,9,not,not,Content,0.20038958729601022,PART
9,10,9Aw10,1,10,be,be,Content,0.1892316920888886,AUX
9,11,9Aw11,1,11,that,that,Function,0.475379704261574,SCONJ
9,12,9Aw12,1,12,bad,bad,Content,0.23017224239738482,ADJ
9,13,9Aw13,1,13,for,for,Function,0.29256197680084495,ADP
9,14,9Aw14,1,14,you,you.,Function,0.2736081382585014,PRON
9,15,9Bw01,2,1,But,But,Function,null,CCONJ
9,16,9Bw02,2,2,it,it,Function,null,PRON
9,17,9Bw03,2,3,is,is,Content,null,AUX
9,18,9Bw04,2,4,bad,bad,Content,0.11911312921235734,ADJ
9,19,9Bw05,2,5,for,for,Function,0.3570619758338772,ADP
9,20,9Bw06,2,6,the,the,Function,0.3438952760336616,PRON
9,21,9Bw07,2,7,planet,"planet,",Content,0.1571505565982553,NOUN
9,22,9Bw08,2,8,with,with,Function,0.17492465040205188,ADP
9,23,9Bw09,2,9,chicken,chicken,Content,0.09564969019666897,PROPN
9,24,9Bw10,2,10,and,and,Function,null,CCONJ
9,25,9Bw11,2,11,pork,pork,Content,0.3764441882175101,PROPN
9,26,9Bw12,2,12,less,less,Content,0.17132613166596158,ADJ
9,27,9Bw13,2,13,harmful,harmful,Content,0.3205921329164202,ADJ
9,28,9Bw14,2,14,than,than,Function,0.3328525007697919,ADP
9,29,9Bw15,2,15,beef,beef.,Content,0.4517362961690107,NOUN
10,1,10Aw01,1,1,The,The,Function,null,PRON
10,2,10Aw02,1,2,ground,ground,Content,null,NOUN
10,3,10Aw03,1,3,around,around,Function,0.16696368400659103,ADP
10,4,10Aw04,1,4,the,the,Function,0.16659762205221793,PRON
10,5,10Aw05,1,5,building,building,Content,0.216721249160804,NOUN
10,6,10Aw06,1,6,slopes,slopes,Content,0.23585008342249286,NOUN
10,7,10Aw07,1,7,away,away.,Content,0.167173025045993,ADV
10,8,10Bw01,2,1,That,That,Function,null,PRON
10,9,10Bw02,2,2,allows,allows,Content,null,NOUN
10,10,10Bw03,2,3,the,the,Function,0.11546916123262992,PRON
10,11,10Bw04,2,4,classroom,classroom,Content,0.06648889923097914,NOUN
10,12,10Bw05,2,5,windows,windows,Content,0.19418629796139494,NOUN
10,13,10Bw06,2,6,to,to,Function,null,ADP
10,14,10Bw07,2,7,be,be,Content,0.038281278374305186,AUX
10,15,10Bw08,2,8,low,low,Content,0.10466276599714595,ADJ
10,16,10Bw09,2,9,enough,enough,Content,0.2241600087829419,ADJ
10,17,10Bw10,2,10,for,for,Function,0.3082914735244195,ADP
10,18,10Bw11,2,11,children,children,Content,0.2742321172990567,NOUN
10,19,10Bw12,2,12,to,to,Function,null,ADP
10,20,10Bw13,2,13,see,see,Content,0.26098356593143823,VERB
10,21,10Bw14,2,14,out,out,Function,0.29101932554139376,ADP
10,22,10Bw15,2,15,while,while,Function,0.2104541848698002,SCONJ
10,23,10Bw16,2,16,still,still,Content,0.3461575474259463,ADV
10,24,10Bw17,2,17,being,being,Content,0.29023670764186565,AUX
10,25,10Bw18,2,18,high,high,Content,0.3790780346256671,ADJ
10,26,10Bw19,2,19,above,above,Function,0.3740181650108636,ADV
10,27,10Bw20,2,20,the,the,Function,0.36561212936040394,PRON
10,28,10Bw21,2,21,ground,ground.,Content,0.22069804448688968,NOUN
11,1,11Aw01,1,1,Farmers,Farmers,Content,null,NOUN
11,2,11Aw02,1,2,and,and,Function,null,CCONJ
11,3,11Aw03,1,3,plant,plant,Content,0.2514562494412155,NOUN
11,4,11Aw04,1,4,breeders,breeders,Content,0.4116390870581753,NOUN
11,5,11Aw05,1,5,are,are,Content,0.12477749060981574,AUX
11,6,11Aw06,1,6,in,in,Function,0.12862297278754722,ADP
11,7,11Aw07,1,7,a,a,Function,null,INTJ
11,8,11Aw08,1,8,race,race,Content,0.122085939818154,NOUN
11,9,11Aw09,1,9,against,against,Function,0.14571706931764294,ADP
11,10,11Aw10,1,10,time,time.,Content,0.13705790086478362,NOUN
11,11,11Bw01,2,1,The,The,Function,null,PRON
11,12,11Bw02,2,2,world,world,Content,null,NOUN
11,13,11Bw03,2,3,population,population,Content,0.14900277056070063,NOUN
11,14,11Bw04,2,4,is,is,Content,0.21800849608521708,AUX
11,15,11Bw05,2,5,growing,growing,Content,0.36050131930662704,VERB
11,16,11Bw06,2,6,rapidly,"rapidly,",Content,0.4176289748455293,ADV
11,17,11Bw07,2,7,requiring,requiring,Content,0.08129058918267745,VERB
11,18,11Bw08,2,8,ever,ever,Content,0.33058361574358697,ADV
11,19,11Bw09,2,9,more,more,Content,0.32860723503945855,ADJ
11,20,11Bw10,2,10,food,"food,",Content,0.2382577216788589,NOUN
11,21,11Bw11,2,11,but,but,Function,0.29370585339802807,CCONJ
11,22,11Bw12,2,12,the,the,Function,0.35630636820451245,PRON
11,23,11Bw13,2,13,amount,amount,Content,0.27283466278659874,NOUN
11,24,11Bw14,2,14,of,of,Function,null,ADP
11,25,11Bw15,2,15,cultivable,cultivable,Content,0.23298294676587963,ADJ
11,26,11Bw16,2,16,land,land,Content,0.3174608547612873,NOUN
11,27,11Bw17,2,17,is,is,Content,0.3967353483762638,AUX
11,28,11Bw18,2,18,limited,limited.,Content,0.22493910895234284,VERB
12,1,12Aw01,1,1,One,One,Function,null,NUM
12,2,12Aw02,1,2,benefit,benefit,Content,null,NOUN
12,3,12Aw03,1,3,of,of,Function,null,ADP
12,4,12Aw04,1,4,discovery,discovery,Content,-0.013700437237403792,NOUN
12,5,12Aw05,1,5,is,is,Content,0.19075624692444249,AUX
12,6,12Aw06,1,6,that,that,Function,0.33220061932830125,SCONJ
12,7,12Aw07,1,7,you,you,Function,0.1212124571323518,PRON
12,8,12Aw08,1,8,get,get,Content,0.15658436560944322,VERB
12,9,12Aw09,1,9,to,to,Function,null,ADP
12,10,12Aw10,1,10,name,name,Content,0.1336200262776691,NOUN
12,11,12Aw11,1,11,the,the,Function,0.3540505288031449,PRON
12,12,12Aw12,1,12,things,things,Content,0.26566324275723685,NOUN
12,13,12Aw13,1,13,you,you,Function,0.3602114850813285,PRON
12,14,12Aw14,1,14,discovered,discovered.,Content,0.3059116179001524,VERB
12,15,12Bw01,2,1,Astronomy,Astronomy,Content,null,NOUN
12,16,12Bw02,2,2,is,is,Content,0.03005801022184739,AUX
12,17,12Bw03,2,3,blessed,blessed,Content,0.14318410986762833,VERB
12,18,12Bw04,2,4,in,in,Function,0.19188311670805488,ADP
12,19,12Bw05,2,5,this,this,Function,0.31295169473165874,PRON
12,20,12Bw06,2,6,regard,regard.,Content,0.24568646159155982,NOUN
13,1,13Aw01,1,1,The,The,Function,null,PRON
13,2,13Aw02,1,2,overwhelming,overwhelming,Content,null,ADJ
13,3,13Aw03,1,3,majority,majority,Content,0.2749951354847215,NOUN
13,4,13Aw04,1,4,of,of,Function,null,ADP
13,5,13Aw05,1,5,snails,snails,Content,0.03580435965265184,NOUN
13,6,13Aw06,1,6,live,live,Content,0.19907928594071153,ADJ
13,7,13Aw07,1,7,in,in,Function,0.23824851083816934,ADP
13,8,13Aw08,1,8,shells,shells,Content,0.21901272354542137,NOUN
13,9,13Aw09,1,9,that,that,Function,0.2913374413485153,SCONJ
13,10,13Aw10,1,10,coil,coil,Content,0.16253110561013207,PROPN
13,11,13Aw11,1,11,to,to,Function,null,ADP
13,12,13Aw12,1,12,the,the,Function,0.2093235500177203,PRON
13,13,13Aw13,1,13,right,right.,Content,0.1787296764536677,INTJ
13,14,13Bw01,2,1,But,But,Function,null,CCONJ
13,15,13Bw02,2,2,occasionally,occasionally,Content,null,ADV
13,16,13Bw03,2,3,some,some,Function,0.4007870907982892,PRON
13,17,13Bw04,2,4,are,are,Content,0.16796930634814308,AUX
13,18,13Bw05,2,5,born,born,Content,-0.06483775530317369,VERB
13,19,13Bw06,2,6,with,with,Function,0.22124767430184172,ADP
13,20,13Bw07,2,7,shells,shells,Content,0.1019642858212795,NOUN
13,21,13Bw08,2,8,that,that,Function,0.24303407294329393,SCONJ
13,22,13Bw09,2,9,turn,turn,Content,0.1413666548154201,NOUN
13,23,13Bw10,2,10,the,the,Function,0.2496000876869514,PRON
13,24,13Bw11,2,11,other,other,Content,0.3116163835560805,ADJ
13,25,13Bw12,2,12,way,way.,Content,0.22691251189253034,NOUN
14,1,14Aw01,1,1,California,California,Content,null,PROPN
14,2,14Aw02,1,2,has,has,Content,-0.04913144973614449,VERB
14,3,14Aw03,1,3,positioned,positioned,Content,0.048461501031485194,VERB
14,4,14Aw04,1,4,itself,itself,Function,0.20632761281944717,PRON
14,5,14Aw05,1,5,as,as,Function,0.2618548220816,ADP
14,6,14Aw06,1,6,a,a,Function,null,INTJ
14,7,14Aw07,1,7,leader,leader,Content,0.11747615827883007,NOUN
14,8,14Aw08,1,8,in,in,Function,0.1921052001777625,ADP
14,9,14Aw09,1,9,the,the,Function,0.27366523228698053,PRON
14,10,14Aw10,1,10,fight,fight,Content,0.09893752006473619,NOUN
14,11,14Aw11,1,11,against,against,Function,0.219322589715217,ADP
14,12,14Aw12,1,12,climate,climate,Content,0.13640082768399198,NOUN
14,13,14Aw13,1,13,change,change.,Content,0.16616462753260525,NOUN
14,14,14Bw01,2,1,It,It,Function,null,PRON
14,15,14Bw02,2,2,leads,leads,Content,null,VERB
14,16,14Bw03,2,3,the,the,Function,0.1982098000010342,PRON
14,17,14Bw04,2,4,nation,nation,Content,0.08481128444167023,NOUN
14,18,14Bw05,2,5,by,by,Function,0.14228804284124105,ADP
14,19,14Bw06,2,6,far,far,Content,0.18964683866859794,ADV
14,20,14Bw07,2,7,in,in,Function,0.3168314399573267,ADP
14,21,14Bw08,2,8,solar,solar,Content,0.1545863139659643,PROPN
14,22,14Bw09,2,9,power,power.,Content,0.3535567515384431,NOUN
15,1,15Aw01,1,1,Climate,Climate,Content,null,NOUN
15,2,15Aw02,1,2,change,change,Content,0.17555340040023246,NOUN
15,3,15Aw03,1,3,will,will,Function,0.14823024379736566,AUX
15,4,15Aw04,1,4,inevitably,inevitably,Content,0.1578986805627076,ADV
15,5,15Aw05,1,5,transform,transform,Content,0.2620893561632256,NOUN
15,6,15Aw06,1,6,the,the,Function,0.2711794448442826,PRON
15,7,15Aw07,1,7,way,way,Content,0.31424207942669174,NOUN
15,8,15Aw08,1,8,the,the,Function,0.31017854992168287,PRON
15,9,15Aw09,1,9,world,world,Content,0.3234020417693457,NOUN
15,10,15Aw10,1,10,produces,produces,Content,0.21153876033047447,VERB
15,11,15Aw11,1,11,goods,goods.,Content,0.16605427157383165,NOUN
15,12,15Bw01,2,1,Farmers,Farmers,Content,null,NOUN
15,13,15Bw02,2,2,who,who,Function,0.09676739527622967,PRON
15,14,15Bw03,2,3,produce,produce,Content,0.2586835864402796,VERB
15,15,15Bw04,2,4,wine,wine,Content,0.23511744328619946,NOUN
15,16,15Bw05,2,5,grapes,"grapes,",Content,0.6377132528875511,NOUN
15,17,15Bw06,2,6,an,an,Function,0.049395862648971826,PRON
15,18,15Bw07,2,7,especially,especially,Content,0.12571738556070494,ADV
15,19,15Bw08,2,8,sensitive,sensitive,Content,0.1442104760264276,ADJ
15,20,15Bw09,2,9,crop,"crop,",Content,0.4920682365034826,NOUN
15,21,15Bw10,2,10,are,are,Content,0.2329603408939758,AUX
15,22,15Bw11,2,11,already,already,Content,0.23584530072538523,ADV
15,23,15Bw12,2,12,feeling,feeling,Content,0.22156612742573004,NOUN
15,24,15Bw13,2,13,those,those,Function,0.37443136381039477,PRON
15,25,15Bw14,2,14,effects,effects.,Content,0.18760365819342376,NOUN
16,1,16Aw01,1,1,The,The,Function,null,PRON
16,2,16Aw02,1,2,many,many,Content,null,ADJ
16,3,16Aw03,1,3,whiskeys,whiskeys,Content,-0.003765420747092292,NOUN
16,4,16Aw04,1,4,of,of,Function,null,ADP
16,5,16Aw05,1,5,Japan,Japan,Content,0.14104860405448202,PROPN
16,6,16Aw06,1,6,are,are,Content,0.22675760071632237,AUX
16,7,16Aw07,1,7,complex,complex,Content,0.07623489349933768,ADJ
16,8,16Aw08,1,8,and,and,Function,null,CCONJ
16,9,16Aw09,1,9,often,often,Content,0.3174043757428139,ADV
16,10,16Aw10,1,10,expensive,expensive.,Content,0.3526981795987373,ADJ
16,11,16Bw01,2,1,Learning,Learning,Content,null,VERB
16,12,16Bw02,2,2,about,about,Function,0.14669701872944008,ADP
16,13,16Bw03,2,3,them,them,Function,0.23036659108574153,PRON
16,14,16Bw04,2,4,can,can,Function,0.22681989807448721,AUX
16,15,16Bw05,2,5,be,be,Content,0.07263113902620245,AUX
16,16,16Bw06,2,6,a,a,Function,null,INTJ
16,17,16Bw07,2,7,challenge,challenge.,Content,0.20872080722962685,NOUN
17,1,17Aw01,1,1,Great,Great,Content,null,ADJ
17,2,17Aw02,1,2,snow,snow,Content,0.10010055697865247,PROPN
17,3,17Aw03,1,3,conditions,conditions,Content,0.16587300022416337,NOUN
17,4,17Aw04,1,4,can,can,Function,0.15179524583516302,AUX
17,5,17Aw05,1,5,make,make,Content,0.15706623368651398,VERB
17,6,17Aw06,1,6,a,a,Function,null,INTJ
17,7,17Aw07,1,7,ski,ski,Content,0.35777854565511935,PROPN
17,8,17Aw08,1,8,trip,trip,Content,0.22452810056245387,NOUN
17,9,17Aw09,1,9,magical,magical.,Content,0.24289723514691908,ADJ
17,10,17Bw01,2,1,Skiers,Skiers,Content,null,NOUN
17,11,17Bw02,2,2,can,can,Function,0.043355517105231035,AUX
17,12,17Bw03,2,3,weight,weight,Content,0.06132918844996523,NOUN
17,13,17Bw04,2,4,the,the,Function,0.15436940679329578,PRON
17,14,17Bw05,2,5,odds,odds,Content,0.13325170390012483,NOUN
17,15,17Bw06,2,6,in,in,Function,0.08367116140537104,ADP
17,16,17Bw07,2,7,their,their,Function,0.16430086808870434,PRON
17,17,17Bw08,2,8,favor,favor,Content,0.21944537874565564,NOUN
17,18,17Bw09,2,9,by,by,Function,0.10116137963667565,ADP
17,19,17Bw10,2,10,picking,picking,Content,0.13755304496631804,NOUN
17,20,17Bw11,2,11,their,their,Function,0.2376826006685512,PRON
17,21,17Bw12,2,12,destinations,destinations,Content,0.1977606630921259,NOUN
17,22,17Bw13,2,13,according,according,Content,0.14451679381938387,VERB
17,23,17Bw14,2,14,to,to,Function,null,ADP
17,24,17Bw15,2,15,the,the,Function,0.2813989743961761,PRON
17,25,17Bw16,2,16,time,time,Content,0.23844097261085254,NOUN
17,26,17Bw17,2,17,of,of,Function,null,ADP
17,27,17Bw18,2,18,winter,winter.,Content,0.3125648471068919,NOUN
18,1,18Aw01,1,1,Earth,Earth,Content,null,PROPN
18,2,18Aw02,1,2,is,is,Content,0.13291027675971015,AUX
18,3,18Aw03,1,3,warming,"warming,",Content,0.19518201075671837,NOUN
18,4,18Aw04,1,4,and,and,Function,null,CCONJ
18,5,18Aw05,1,5,we,we,Function,0.23185154383157533,PRON
18,6,18Aw06,1,6,know,know,Content,0.25331189394460135,VERB
18,7,18Aw07,1,7,why,why.,Content,0.31093798678483286,SCONJ
18,8,18Bw01,2,1,Light,Light,Content,null,PROPN
18,9,18Bw02,2,2,is,is,Content,0.0671784868124905,AUX
18,10,18Bw03,2,3,reflected,reflected,Content,0.2609550623872523,VERB
18,11,18Bw04,2,4,and,and,Function,null,CCONJ
18,12,18Bw05,2,5,absorbed,absorbed,Content,0.2242027865517882,VERB
18,13,18Bw06,2,6,by,by,Function,0.1812765548983833,ADP
18,14,18Bw07,2,7,clouds,"clouds,",Content,0.22508090737587808,NOUN
18,15,18Bw08,2,8,air,"air,",Content,0.25641263822309585,NOUN
18,16,18Bw09,2,9,oceans,"oceans,",Content,0.2604431914967108,NOUN
18,17,18Bw10,2,10,ice,ice,Content,0.3284477569416642,NOUN
18,18,18Bw11,2,11,and,and,Function,null,CCONJ
18,19,18Bw12,2,12,land,land.,Content,0.23986641815766724,NOUN
19,1,19Aw01,1,1,Nobody,Nobody,Content,null,PRON
19,2,19Aw02,1,2,ever,ever,Content,0.34923384404353164,ADV
19,3,19Aw03,1,3,really,really,Content,0.5269917999503555,ADV
19,4,19Aw04,1,4,tells,tells,Content,0.20105062539026278,VERB
19,5,19Aw05,1,5,you,you,Function,0.5099230004936451,PRON
19,6,19Aw06,1,6,how,how,Content,0.45654732564091954,SCONJ
19,7,19Aw07,1,7,to,to,Function,null,ADP
19,8,19Aw08,1,8,breathe,breathe.,Content,0.22304662074064563,VERB
19,9,19Bw01,2,1,You,You,Function,null,PRON
19,10,19Bw02,2,2,just,just,Content,null,ADV
19,11,19Bw03,2,3,know,know,Content,0.5025153948417895,VERB
19,12,19Bw04,2,4,how,how,Content,0.48883605330282337,SCONJ
19,13,19Bw05,2,5,to,to,Function,null,ADP
19,14,19Bw06,2,6,do,do,Content,0.700198843402164,VERB
19,15,19Bw07,2,7,it,it.,Function,0.6033723338432613,PRON
20,1,20Aw01,1,1,Imagine,Imagine,Content,null,VERB
20,2,20Aw02,1,2,an,an,Function,0.06466866829021983,PRON
20,3,20Aw03,1,3,animal,animal,Content,0.026519549270163433,NOUN
20,4,20Aw04,1,4,that,that,Function,0.17342631795847335,SCONJ
20,5,20Aw05,1,5,looks,looks,Content,0.26222153739788484,VERB
20,6,20Aw06,1,6,like,like,Function,0.45830857588900975,INTJ
20,7,20Aw07,1,7,a,a,Function,null,INTJ
20,8,20Aw08,1,8,dinosaur,"dinosaur,",Content,0.2980438366513263,NOUN
20,9,20Aw09,1,9,and,and,Function,null,CCONJ
20,10,20Aw10,1,10,you,you,Function,0.31789878572014174,PRON
20,11,20Aw11,1,11,probably,probably,Content,0.3745153485118359,ADV
20,12,20Aw12,1,12,will,will,Function,0.20202598576201306,AUX
20,13,20Aw13,1,13,not,not,Content,0.35246040617455265,PART
20,14,20Aw14,1,14,imagine,imagine,Content,0.5656820600520378,VERB
20,15,20Aw15,1,15,a,a,Function,null,INTJ
20,16,20Aw16,1,16,bat,bat.,Content,0.20543741910857302,NOUN
20,17,20Bw01,2,1,But,But,Function,null,CCONJ
20,18,20Bw02,2,2,that,that,Function,null,SCONJ
20,19,20Bw03,2,3,may,may,Function,null,AUX
20,20,20Bw04,2,4,change,change.,Content,null,NOUN
21,1,21Aw01,1,1,Video,Video,Content,null,NOUN
21,2,21Aw02,1,2,games,games,Content,0.2319318976609009,NOUN
21,3,21Aw03,1,3,work,work,Content,0.12681112225077146,NOUN
21,4,21Aw04,1,4,hard,hard,Content,0.24956517852876964,ADJ
21,5,21Aw05,1,5,to,to,Function,null,ADP
21,6,21Aw06,1,6,hook,hook,Content,0.1879234854711542,NOUN
21,7,21Aw07,1,7,players,players.,Content,0.3267870308323208,NOUN
21,8,21Bw01,2,1,Designers,Designers,Content,null,NOUN
21,9,21Bw02,2,2,use,use,Content,0.11206637761498764,VERB
21,10,21Bw03,2,3,predictive,predictive,Content,0.1080705833982946,ADJ
21,11,21Bw04,2,4,algorithms,algorithms,Content,0.4816000746263333,NOUN
21,12,21Bw05,2,5,and,and,Function,null,CCONJ
21,13,21Bw06,2,6,principles,principles,Content,0.1973596944811168,NOUN
21,14,21Bw07,2,7,of,of,Function,null,ADP
21,15,21Bw08,2,8,behavioral,behavioral,Content,0.31613450368495977,ADJ
21,16,21Bw09,2,9,economics,economics,Content,0.29078534122278515,NOUN
21,17,21Bw10,2,10,to,to,Function,null,ADP
21,18,21Bw11,2,11,keep,keep,Content,0.07928707305427145,VERB
21,19,21Bw12,2,12,fans,fans,Content,0.05159003572402791,NOUN
21,20,21Bw13,2,13,engaged,engaged.,Content,0.12500230736044415,VERB
22,1,22Aw01,1,1,Americans,Americans,Content,null,PROPN
22,2,22Aw02,1,2,are,are,Content,0.16222103437858576,AUX
22,3,22Aw03,1,3,feeling,feeling,Content,0.13988269622318628,NOUN
22,4,22Aw04,1,4,better,better,Content,0.20402186439190673,ADV
22,5,22Aw05,1,5,about,about,Function,0.26063868084195013,ADP
22,6,22Aw06,1,6,the,the,Function,0.2256442117315347,PRON
22,7,22Aw07,1,7,economy,economy.,Content,0.24455572860545358,NOUN
22,8,22Bw01,2,1,Or,Or,Function,null,CCONJ
22,9,22Bw02,2,2,at,at,Function,null,ADP
22,10,22Bw03,2,3,least,least,Content,null,ADV
22,11,22Bw04,2,4,Republicans,Republicans,Content,0.05878865282456829,PROPN
22,12,22Bw05,2,5,are,are.,Content,0.2014586500348807,AUX
23,1,23Aw01,1,1,Parasites,Parasites,Content,null,NOUN
23,2,23Aw02,1,2,are,are,Content,0.10205633940506889,AUX
23,3,23Aw03,1,3,a,a,Function,null,INTJ
23,4,23Aw04,1,4,huge,huge,Content,0.09773571986819213,ADJ
23,5,23Aw05,1,5,force,force,Content,0.1344079355631736,NOUN
23,6,23Aw06,1,6,in,in,Function,0.22846751608469512,ADP
23,7,23Aw07,1,7,the,the,Function,0.3050134044316992,PRON
23,8,23Aw08,1,8,natural,natural,Content,0.2488114878027361,ADJ
23,9,23Aw09,1,9,world,world.,Content,0.22240898470817874,NOUN
23,10,23Bw01,2,1,For,For,Function,null,ADP
23,11,23Bw02,2,2,the,the,Function,null,PRON
23,12,23Bw03,2,3,most,most,Content,null,ADJ
23,13,23Bw04,2,4,part,part,Content,0.23435818437608286,NOUN
23,14,23Bw05,2,5,they,they,Function,0.23558688811950582,PRON
23,15,23Bw06,2,6,simply,simply,Content,0.28235924611154556,ADV
23,16,23Bw07,2,7,feed,feed,Content,0.13879027582257755,VERB
23,17,23Bw08,2,8,on,on,Function,0.27254412701342456,ADP
23,18,23Bw09,2,9,their,their,Function,0.2924368376022886,PRON
23,19,23Bw10,2,10,hosts,hosts.,Content,0.09453601177864501,NOUN
24,1,24Aw01,1,1,There,There,Content,null,ADV
24,2,24Aw02,1,2,should,should,Function,0.22698458149963605,AUX
24,3,24Aw03,1,3,be,be,Content,0.22723877359741096,AUX
24,4,24Aw04,1,4,no,no,Function,0.516549990117123,INTJ
24,5,24Aw05,1,5,question,question,Content,0.27202444719431895,NOUN
24,6,24Aw06,1,6,that,that,Function,0.47794167856170455,SCONJ
24,7,24Aw07,1,7,autistic,autistic,Content,0.024685295969498824,ADJ
24,8,24Aw08,1,8,people,people,Content,0.260826324681348,NOUN
24,9,24Aw09,1,9,need,need,Content,0.3751222097195594,NOUN
24,10,24Aw10,1,10,and,and,Function,null,CCONJ
24,11,24Aw11,1,11,value,value,Content,0.15336804180093772,NOUN
24,12,24Aw12,1,12,social,social,Content,0.248636442981925,ADJ
24,13,24Aw13,1,13,connections,connections.,Content,0.1943738233418619,NOUN
24,14,24Bw01,2,1,We,We,Function,null,PRON
24,15,24Bw02,2,2,all,all,Function,null,PRON
24,16,24Bw03,2,3,do,do.,Content,null,VERB
25,1,25Aw01,1,1,Once,Once,Content,null,SCONJ
25,2,25Aw02,1,2,upon,upon,Function,0.24077317857542788,SCONJ
25,3,25Aw03,1,3,a,a,Function,null,INTJ
25,4,25Aw04,1,4,time,"time,",Content,0.3734076148595599,NOUN
25,5,25Aw05,1,5,the,the,Function,0.43532549574704255,PRON
25,6,25Aw06,1,6,sky,sky,Content,0.11240434858047725,NOUN
25,7,25Aw07,1,7,was,was,Content,0.18725422413514187,AUX
25,8,25Aw08,1,8,everything,everything,Content,0.32716657942528,PRON
25,9,25Aw09,1,9,above,above,Function,0.25168598104135786,ADV
25,10,25Aw10,1,10,the,the,Function,0.44345974809057265,PRON
25,11,25Aw11,1,11,earth,"earth,",Content,0.3436823910990086,NOUN
25,12,25Aw12,1,12,which,which,Function,0.20381604514262674,PRON
25,13,25Aw13,1,13,lay,lay,Content,0.18333084294482252,PROPN
25,14,25Aw14,1,14,at,at,Function,0.18565998991737775,ADP
25,15,25Aw15,1,15,the,the,Function,0.41697086227613944,PRON
25,16,25Aw16,1,16,center,center,Content,0.12173542888817467,NOUN
25,17,25Aw17,1,17,of,of,Function,null,ADP
25,18,25Aw18,1,18,human,human,Content,0.27315085221732516,ADJ
25,19,25Aw19,1,19,experience,experience.,Content,0.14352259612578044,NOUN
25,20,25Bw01,2,1,The,The,Function,null,PRON
25,21,25Bw02,2,2,sky,sky,Content,null,NOUN
25,22,25Bw03,2,3,was,was,Content,0.009205544001710617,AUX
25,23,25Bw04,2,4,the,the,Function,0.2765796857923201,PRON
25,24,25Bw05,2,5,place,place,Content,0.11375993989563975,NOUN
25,25,25Bw06,2,6,of,of,Function,null,ADP
25,26,25Bw07,2,7,gods,gods.,Content,0.1735994558879265,INTJ
26,1,26Aw01,1,1,The,The,Function,null,PRON
26,2,26Aw02,1,2,abundance,abundance,Content,null,NOUN
26,3,26Aw03,1,3,of,of,Function,null,ADP
26,4,26Aw04,1,4,uncontrolled,uncontrolled,Content,0.21721265854133595,ADJ
26,5,26Aw05,1,5,case,case,Content,0.0639316042070458,NOUN
26,6,26Aw06,1,6,studies,studies,Content,0.20650809954276114,NOUN
26,7,26Aw07,1,7,can,can,Function,0.23976074654178134,AUX
26,8,26Aw08,1,8,give,give,Content,0.06186289295645745,VERB
26,9,26Aw09,1,9,an,an,Function,0.08870952614377077,PRON
26,10,26Aw10,1,10,impression,impression,Content,0.10005292368769732,NOUN
26,11,26Aw11,1,11,that,that,Function,0.37290647393331333,SCONJ
26,12,26Aw12,1,12,a,a,Function,null,INTJ
26,13,26Aw13,1,13,single,single,Content,0.1225600519503387,ADJ
26,14,26Aw14,1,14,dietary,dietary,Content,0.19510668893307365,NOUN
26,15,26Aw15,1,15,item,"item,",Content,0.15797746232183574,NOUN
26,16,26Aw16,1,16,like,like,Function,0.2949024191601005,INTJ
26,17,26Aw17,1,17,juice,"juice,",Content,0.18907914035691772,NOUN
26,18,26Aw18,1,18,is,is,Content,0.24031847831326325,AUX
26,19,26Aw19,1,19,linked,linked,Content,0.2366050190622909,VERB
26,20,26Aw20,1,20,with,with,Function,0.2579405646029144,ADP
26,21,26Aw21,1,21,obesity,obesity.,Content,0.33567613639736227,NOUN
26,22,26Bw01,2,1,But,But,Function,null,CCONJ
26,23,26Bw02,2,2,they,they,Function,null,PRON
26,24,26Bw03,2,3,cannot,cannot,Function,null,INTJ
26,25,26Bw04,2,4,determine,determine,Content,null,NOUN
26,26,26Bw05,2,5,cause,cause,Content,0.17752367357860996,NOUN
26,27,26Bw06,2,6,and,and,Function,null,CCONJ
26,28,26Bw07,2,7,effect,effect.,Content,0.2611967094147024,NOUN
27,1,27Aw01,1,1,Americans,Americans,Content,null,PROPN
27,2,27Aw02,1,2,are,are,Content,0.16222103437858576,AUX
27,3,27Aw03,1,3,having,having,Content,0.1293892774576795,VERB
27,4,27Aw04,1,4,fewer,fewer,Content,0.2512749244466494,ADJ
27,5,27Aw05,1,5,babies,babies.,Content,0.3087561966696831,NOUN
27,6,27Bw01,2,1,At,At,Function,null,ADP
27,7,27Bw02,2,2,first,"first,",Content,null,ADJ
27,8,27Bw03,2,3,researchers,researchers,Content,0.05815885596474176,NOUN
27,9,27Bw04,2,4,thought,thought,Content,0.11218704939373066,NOUN
27,10,27Bw05,2,5,the,the,Function,0.3292347707975689,PRON
27,11,27Bw06,2,6,declining,declining,Content,0.11017455950507961,VERB
27,12,27Bw07,2,7,fertility,fertility,Content,0.271600975430908,NOUN
27,13,27Bw08,2,8,rate,rate,Content,0.30030415172978925,NOUN
27,14,27Bw09,2,9,was,was,Content,0.24635918501982992,AUX
27,15,27Bw10,2,10,because,because,Function,0.3027085940226157,SCONJ
27,16,27Bw11,2,11,of,of,Function,null,ADP
27,17,27Bw12,2,12,the,the,Function,0.3744417638145506,PRON
27,18,27Bw13,2,13,recession,"recession,",Content,0.23490207792328313,NOUN
27,19,27Bw14,2,14,but,but,Function,0.2919247312440898,CCONJ
27,20,27Bw15,2,15,it,it,Function,0.33647492954128944,PRON
27,21,27Bw16,2,16,kept,kept,Content,0.17465931628877351,VERB
27,22,27Bw17,2,17,falling,falling,Content,0.3560198072200683,VERB
27,23,27Bw18,2,18,even,even,Content,0.3456920888689408,ADV
27,24,27Bw19,2,19,as,as,Function,0.2242663525247227,ADP
27,25,27Bw20,2,20,the,the,Function,0.40028902056446597,PRON
27,26,27Bw21,2,21,economy,economy,Content,0.41609587837386885,NOUN
27,27,27Bw22,2,22,recovered,recovered.,Content,0.24755318355783285,VERB
28,1,28Aw01,1,1,New,New,Content,null,PROPN
28,2,28Aw02,1,2,research,research,Content,0.146778303750416,NOUN
28,3,28Aw03,1,3,suggests,suggests,Content,0.29716491354644425,VERB
28,4,28Aw04,1,4,that,that,Function,0.2679908267631508,SCONJ
28,5,28Aw05,1,5,more,more,Content,0.2173708591743698,ADJ
28,6,28Aw06,1,6,money,money,Content,0.22734175729559916,NOUN
28,7,28Aw07,1,7,really,really,Content,0.28219290778500533,ADV
28,8,28Aw08,1,8,does,does,Content,0.3927615619734098,VERB
28,9,28Aw09,1,9,lead,lead,Content,0.1257111830717918,NOUN
28,10,28Aw10,1,10,to,to,Function,null,ADP
28,11,28Aw11,1,11,a,a,Function,null,INTJ
28,12,28Aw12,1,12,more,more,Content,0.4806285819053717,ADJ
28,13,28Aw13,1,13,satisfying,satisfying,Content,0.2518405921085442,ADJ
28,14,28Aw14,1,14,life,life.,Content,0.2738916595043347,NOUN
28,15,28Bw01,2,1,Surveys,Surveys,Content,null,NOUN
28,16,28Bw02,2,2,of,of,Function,null,ADP
28,17,28Bw03,2,3,thousands,thousands,Content,0.06853514081344876,NOUN
28,18,28Bw04,2,4,of,of,Function,null,ADP
28,19,28Bw05,2,5,Swedish,Swedish,Content,0.05165311299090263,PROPN
28,20,28Bw06,2,6,lottery,lottery,Content,0.06317480932238491,NOUN
28,21,28Bw07,2,7,winners,winners,Content,0.16068291587680364,NOUN
28,22,28Bw08,2,8,have,have,Content,0.22885936844865837,VERB
28,23,28Bw09,2,9,provided,provided,Content,0.09126065202424576,VERB
28,24,28Bw10,2,10,persuasive,persuasive,Content,0.0816366882878049,ADJ
28,25,28Bw11,2,11,evidence,evidence,Content,0.21351545992030188,NOUN
28,26,28Bw12,2,12,of,of,Function,null,ADP
28,27,28Bw13,2,13,this,this,Function,0.2703501782995684,PRON
28,28,28Bw14,2,14,truth,truth.,Content,0.2768305624459977,NOUN
29,1,29Aw01,1,1,Milan,Milan,Content,null,PROPN
29,2,29Aw02,1,2,has,has,Content,-0.041811274274217824,VERB
29,3,29Aw03,1,3,no,no,Function,0.12668392538988588,INTJ
29,4,29Aw04,1,4,sea,sea.,Content,0.1014417365517449,NOUN
29,5,29Bw01,2,1,It,It,Function,null,PRON
29,6,29Bw02,2,2,has,has,Content,null,VERB
29,7,29Bw03,2,3,no,no,Function,0.18512427505328977,INTJ
29,8,29Bw04,2,4,river,river,Content,0.015118312288064048,NOUN
29,9,29Bw05,2,5,or,or,Function,0.05101141426580764,CCONJ
29,10,29Bw06,2,6,lake,"lake,",Content,0.686567284366832,PROPN
29,11,29Bw07,2,7,just,just,Content,0.17893239164899247,ADV
29,12,29Bw08,2,8,a,a,Function,null,INTJ
29,13,29Bw09,2,9,few,few,Content,0.2009767118454232,ADJ
29,14,29Bw10,2,10,ebbing,ebbing,Content,0.21924938803692906,VERB
29,15,29Bw11,2,11,canals,canals.,Content,0.4647582768581964,NOUN
30,1,30Aw01,1,1,Morality,Morality,Content,null,NOUN
30,2,30Aw02,1,2,exists,exists,Content,0.18101318765618435,VERB
30,3,30Aw03,1,3,only,only,Content,0.18998821030060206,ADV
30,4,30Aw04,1,4,because,because,Function,0.2856971378268731,SCONJ
30,5,30Aw05,1,5,we,we,Function,0.3322276277289907,PRON
30,6,30Aw06,1,6,evolved,evolved,Content,0.23559078367597283,VERB
30,7,30Aw07,1,7,the,the,Function,0.3149898472849411,PRON
30,8,30Aw08,1,8,capacity,capacity,Content,0.1642030533359215,NOUN
30,9,30Aw09,1,9,to,to,Function,null,ADP
30,10,30Aw10,1,10,empathize,empathize.,Content,0.1978173305161628,VERB
30,11,30Bw01,2,1,And,And,Function,null,CCONJ
30,12,30Bw02,2,2,empathy,empathy,Content,null,NOUN
30,13,30Bw03,2,3,provides,provides,Content,-0.001358460654989998,NOUN
30,14,30Bw04,2,4,the,the,Function,0.11325145741565597,PRON
30,15,30Bw05,2,5,best,best,Content,0.11698185386321637,ADJ
30,16,30Bw06,2,6,guide,guide,Content,0.2983703383912233,NOUN
30,17,30Bw07,2,7,to,to,Function,null,ADP
30,18,30Bw08,2,8,moral,moral,Content,0.29266147587995067,ADJ
30,19,30Bw09,2,9,action,action.,Content,0.16418771819145417,NOUN
31,1,31Aw01,1,1,Story,Story,Content,null,NOUN
31,2,31Aw02,1,2,creates,creates,Content,0.018933545528826038,NOUN
31,3,31Aw03,1,3,culture,culture.,Content,0.22989833677910831,NOUN
31,4,31Bw01,2,1,It,It,Function,null,PRON
31,5,31Bw02,2,2,teaches,teaches,Content,null,NOUN
31,6,31Bw03,2,3,us,us,Function,0.06592146035607499,PRON
31,7,31Bw04,2,4,to,to,Function,null,ADP
31,8,31Bw05,2,5,feel,"feel,",Content,0.15484680821279856,VERB
31,9,31Bw06,2,6,think,think,Content,0.46636110819948273,VERB
31,10,31Bw07,2,7,and,and,Function,null,CCONJ
31,11,31Bw08,2,8,behave,behave,Content,0.39114838788141915,VERB
31,12,31Bw09,2,9,in,in,Function,0.12514734478553027,ADP
31,13,31Bw10,2,10,ways,ways,Content,0.22851746254733216,NOUN
31,14,31Bw11,2,11,generally,generally,Content,0.2844910972518432,ADV
31,15,31Bw12,2,12,approved,approved,Content,0.011139230604451546,VERB
31,16,31Bw13,2,13,of,of,Function,null,ADP
31,17,31Bw14,2,14,by,by,Function,0.0493417266956787,ADP
31,18,31Bw15,2,15,those,those,Function,0.32887033145778355,PRON
31,19,31Bw16,2,16,around,around,Function,0.14924617304615737,ADP
31,20,31Bw17,2,17,us,us.,Function,0.36095109046236873,PRON
32,1,32Aw01,1,1,Hospitals,Hospitals,Content,null,NOUN
32,2,32Aw02,1,2,are,are,Content,0.17925088017784713,AUX
32,3,32Aw03,1,3,often,often,Content,0.28216898790303574,ADV
32,4,32Aw04,1,4,thought,thought,Content,0.1173020135568104,NOUN
32,5,32Aw05,1,5,of,of,Function,null,ADP
32,6,32Aw06,1,6,as,as,Function,0.28443657100826897,ADP
32,7,32Aw07,1,7,the,the,Function,0.2773828130492797,PRON
32,8,32Aw08,1,8,hubs,hubs,Content,0.22896353709013542,NOUN
32,9,32Aw09,1,9,of,of,Function,null,ADP
32,10,32Aw10,1,10,our,our,Function,0.2498338074475054,PRON
32,11,32Aw11,1,11,health,health,Content,0.27695612882800014,NOUN
32,12,32Aw12,1,12,care,care,Content,0.4676649938643776,NOUN
32,13,32Aw13,1,13,system,system.,Content,0.2517831651453406,NOUN
32,14,32Bw01,2,1,But,But,Function,null,CCONJ
32,15,32Bw02,2,2,hospital,hospital,Content,null,NOUN
32,16,32Bw03,2,3,closings,closings,Content,-0.0008475349556080956,NOUN
32,17,32Bw04,2,4,are,are,Content,0.05580713085977698,AUX
32,18,32Bw05,2,5,rising,"rising,",Content,0.20289897383523242,NOUN
32,19,32Bw06,2,6,particularly,particularly,Content,0.23982026437751855,ADV
32,20,32Bw07,2,7,in,in,Function,0.3288131634175424,ADP
32,21,32Bw08,2,8,some,some,Function,0.3600377086416815,PRON
32,22,32Bw09,2,9,types,types,Content,0.22738396311027667,NOUN
32,23,32Bw10,2,10,of,of,Function,null,ADP
32,24,32Bw11,2,11,communities,communities.,Content,0.310735604566981,NOUN
33,1,33Aw01,1,1,Two,Two,Function,null,NUM
33,2,33Aw02,1,2,sexes,sexes,Content,null,NOUN
33,3,33Aw03,1,3,have,have,Content,0.06901715493884998,VERB
33,4,33Aw04,1,4,never,never,Content,0.27509962905627167,ADV
33,5,33Aw05,1,5,been,been,Content,0.344386937376393,AUX
33,6,33Aw06,1,6,enough,enough,Content,0.24892336442274768,ADJ
33,7,33Aw07,1,7,to,to,Function,null,ADP
33,8,33Aw08,1,8,describe,describe,Content,0.130360590373726,VERB
33,9,33Aw09,1,9,human,human,Content,0.25851095656641127,ADJ
33,10,33Aw10,1,10,variety,variety.,Content,0.23800390201804042,NOUN
33,11,33Bw01,2,1,Not,Not,Content,null,PART
33,12,33Bw02,2,2,in,in,Function,0.18321423976161325,ADP
33,13,33Bw03,2,3,biblical,biblical,Content,0.08021404990616525,ADJ
33,14,33Bw04,2,4,times,times,Content,0.1406283904094522,NOUN
33,15,33Bw05,2,5,and,and,Function,null,CCONJ
33,16,33Bw06,2,6,not,not,Content,0.4904756161832296,PART
33,17,33Bw07,2,7,now,now.,Content,0.31034801959364083,ADV
34,1,34Aw01,1,1,The,The,Function,null,PRON
34,2,34Aw02,1,2,biggest,biggest,Content,null,ADJ
34,3,34Aw03,1,3,racial,racial,Content,0.06053401470298709,ADJ
34,4,34Aw04,1,4,preferences,preferences,Content,0.16142668566735638,NOUN
34,5,34Aw05,1,5,in,in,Function,0.19843199018005633,ADP
34,6,34Aw06,1,6,this,this,Function,0.17736483172250464,PRON
34,7,34Aw07,1,7,country,country,Content,0.21943499718866027,NOUN
34,8,34Aw08,1,8,have,have,Content,0.1901462283585277,VERB
34,9,34Aw09,1,9,nothing,nothing,Content,0.17396856019810186,PRON
34,10,34Aw10,1,10,to,to,Function,null,ADP
34,11,34Aw11,1,11,do,do,Content,0.42697625760590907,VERB
34,12,34Aw12,1,12,with,with,Function,0.20481865512043712,ADP
34,13,34Aw13,1,13,college,college,Content,0.25520092868931926,NOUN
34,14,34Aw14,1,14,admissions,admissions,Content,0.2807487768128184,NOUN
34,15,34Aw15,1,15,or,or,Function,0.33543558291347025,CCONJ
34,16,34Aw16,1,16,job,job,Content,0.32277251415028435,NOUN
34,17,34Aw17,1,17,offers,offers.,Content,0.09703068808866556,NOUN
34,18,34Bw01,2,1,They,They,Function,null,PRON
34,19,34Bw02,2,2,have,have,Content,null,VERB
34,20,34Bw03,2,3,to,to,Function,null,ADP
34,21,34Bw04,2,4,do,do,Content,0.4112235880101391,VERB
34,22,34Bw05,2,5,with,with,Function,0.31765540625043953,ADP
34,23,34Bw06,2,6,political,political,Content,0.15964385008580564,ADJ
34,24,34Bw07,2,7,power,power.,Content,0.20372175911386328,NOUN
35,1,35Aw01,1,1,Businesses,Businesses,Content,null,NOUN
35,2,35Aw02,1,2,can,can,Function,0.16100261092403687,AUX
35,3,35Aw03,1,3,deliver,deliver,Content,0.09770825375037567,VERB
35,4,35Aw04,1,4,everything,everything,Content,0.13474106034287867,PRON
35,5,35Aw05,1,5,on,on,Function,0.19571606411352604,ADP
35,6,35Aw06,1,6,demand,"demand,",Content,0.3036007033091006,NOUN
35,7,35Aw07,1,7,from,from,Function,0.13733805257445328,ADP
35,8,35Aw08,1,8,dinner,dinner,Content,0.10413729170857636,NOUN
35,9,35Aw09,1,9,to,to,Function,null,ADP
35,10,35Aw10,1,10,dry,dry,Content,0.2029989762819412,ADJ
35,11,35Aw11,1,11,cleaning,cleaning.,Content,0.2485949615705648,NOUN
35,12,35Bw01,2,1,Some,Some,Function,null,PRON
35,13,35Bw02,2,2,will,will,Function,null,AUX
35,14,35Bw03,2,3,even,even,Content,null,ADV
35,15,35Bw04,2,4,show,show,Content,0.2112098928480023,NOUN
35,16,35Bw05,2,5,up,up,Function,0.19391490057622487,NOUN
35,17,35Bw06,2,6,at,at,Function,0.20187687671158253,ADP
35,18,35Bw07,2,7,your,your,Function,0.19925370866689615,PRON
35,19,35Bw08,2,8,door,door,Content,0.12881197100452588,NOUN
35,20,35Bw09,2,9,to,to,Function,null,ADP
35,21,35Bw10,2,10,give,give,Content,0.28888838021498287,VERB
35,22,35Bw11,2,11,you,you,Function,0.29103770506724286,PRON
35,23,35Bw12,2,12,cupcakes,cupcakes,Content,0.12562417510997922,NOUN
35,24,35Bw13,2,13,or,or,Function,0.3022868947901751,CCONJ
35,25,35Bw14,2,14,walk,walk,Content,0.3108166090886806,VERB
35,26,35Bw15,2,15,your,your,Function,0.2954366864300699,PRON
35,27,35Bw16,2,16,dog,dog.,Content,0.3172861303202252,NOUN
36,1,36Aw01,1,1,Planning,Planning,Content,null,NOUN
36,2,36Aw02,1,2,for,for,Function,0.1799150646160813,ADP
36,3,36Aw03,1,3,vacation,vacation,Content,0.20593076688200773,NOUN
36,4,36Aw04,1,4,is,is,Content,0.09998195230281062,AUX
36,5,36Aw05,1,5,fun,fun.,Content,0.2675413504300655,ADJ
36,6,36Bw01,2,1,We,We,Function,null,PRON
36,7,36Bw02,2,2,make,make,Content,null,VERB
36,8,36Bw03,2,3,lists,lists,Content,0.13887293588725966,NOUN
36,9,36Bw04,2,4,of,of,Function,null,ADP
36,10,36Bw05,2,5,clothes,clothes,Content,0.11685779908889483,NOUN
36,11,36Bw06,2,6,to,to,Function,null,ADP
36,12,36Bw07,2,7,pack,pack,Content,0.16522087020672827,NOUN
36,13,36Bw08,2,8,and,and,Function,null,CCONJ
36,14,36Bw09,2,9,museums,museums,Content,0.14267964873779582,NOUN
36,15,36Bw10,2,10,to,to,Function,null,ADP
36,16,36Bw11,2,11,visit,"visit,",Content,0.16388990596601868,NOUN
36,17,36Bw12,2,12,anticipating,anticipating,Content,0.0999192416399038,VERB
36,18,36Bw13,2,13,the,the,Function,0.28975734557438454,PRON
36,19,36Bw14,2,14,relaxation,relaxation,Content,0.16165297531936199,NOUN
36,20,36Bw15,2,15,and,and,Function,null,CCONJ
36,21,36Bw16,2,16,fun,fun,Content,0.3352315805089413,ADJ
36,22,36Bw17,2,17,to,to,Function,null,ADP
36,23,36Bw18,2,18,come,come.,Content,0.39295454348540626,VERB
37,1,37Aw01,1,1,Certain,Certain,Content,null,ADJ
37,2,37Aw02,1,2,types,types,Content,0.3486307635207666,NOUN
37,3,37Aw03,1,3,of,of,Function,null,ADP
37,4,37Aw04,1,4,wine,wine,Content,0.11573973571349479,NOUN
37,5,37Aw05,1,5,seem,seem,Content,0.251016610918583,VERB
37,6,37Aw06,1,6,incapable,incapable,Content,0.21520510530781117,ADJ
37,7,37Aw07,1,7,of,of,Function,null,ADP
37,8,37Aw08,1,8,winning,winning,Content,0.04423927800166334,VERB
37,9,37Aw09,1,9,popular,popular,Content,0.2315841877418372,ADJ
37,10,37Aw10,1,10,acceptance,acceptance.,Content,0.18365426942472737,NOUN
37,11,37Bw01,2,1,Riesling,Riesling,Content,null,PROPN
37,12,37Bw02,2,2,is,is,Content,0.019235570743892025,AUX
37,13,37Bw03,2,3,one,"one,",Function,0.14617355433418389,NUM
37,14,37Bw04,2,4,particularly,particularly,Content,0.19390581379459484,ADV
37,15,37Bw05,2,5,in,in,Function,0.20053157049125644,ADP
37,16,37Bw06,2,6,its,its,Function,0.06095957395496387,PRON
37,17,37Bw07,2,7,moderately,moderately,Content,0.2649515814386469,ADV
37,18,37Bw08,2,8,sweet,sweet,Content,0.31619152797602995,ADJ
37,19,37Bw09,2,9,form,form.,Content,0.12857748260657467,NOUN
38,1,38Aw01,1,1,Bankers,Bankers,Content,null,NOUN
38,2,38Aw02,1,2,kept,kept,Content,0.0635053673786225,VERB
38,3,38Aw03,1,3,their,their,Function,0.2578855804143341,PRON
38,4,38Aw04,1,4,name,name,Content,0.0068812447947063735,NOUN
38,5,38Aw05,1,5,tags,tags,Content,0.17109589557876842,NOUN
38,6,38Aw06,1,6,obscured,obscured,Content,0.1810777903485924,VERB
38,7,38Aw07,1,7,behind,behind,Function,0.22934188378006892,ADP
38,8,38Aw08,1,8,ties,ties.,Content,0.1381949859554818,NOUN
38,9,38Bw01,2,1,Many,Many,Content,null,ADJ
38,10,38Bw02,2,2,tried,tried,Content,0.10507376509169256,VERB
38,11,38Bw03,2,3,to,to,Function,null,ADP
38,12,38Bw04,2,4,keep,keep,Content,0.1563169980098991,VERB
38,13,38Bw05,2,5,a,a,Function,null,INTJ
38,14,38Bw06,2,6,low,low,Content,0.1911316151111916,ADJ
38,15,38Bw07,2,7,profile,profile,Content,0.187028722999285,NOUN
38,16,38Bw08,2,8,and,and,Function,null,CCONJ
38,17,38Bw09,2,9,avoided,avoided,Content,0.26224047121998323,VERB
38,18,38Bw10,2,10,talking,talking,Content,0.2336983265941461,VERB
38,19,38Bw11,2,11,to,to,Function,null,ADP
38,20,38Bw12,2,12,the,the,Function,0.357039097502297,PRON
38,21,38Bw13,2,13,news,news,Content,0.17281568963622748,NOUN
38,22,38Bw14,2,14,media,media.,Content,0.3335121372605428,NOUN
39,1,39Aw01,1,1,Hollywood,Hollywood,Content,null,PROPN
39,2,39Aw02,1,2,executives,executives,Content,0.04668639042393029,NOUN
39,3,39Aw03,1,3,are,are,Content,0.09859413552944425,AUX
39,4,39Aw04,1,4,not,not,Content,0.23657571928221618,PART
39,5,39Aw05,1,5,so,so,Content,0.39140800393661684,ADV
39,6,39Aw06,1,6,different,different,Content,0.20697214581514445,ADJ
39,7,39Aw07,1,7,from,from,Function,0.18777424973183385,ADP
39,8,39Aw08,1,8,the,the,Function,0.32356390447781996,PRON
39,9,39Aw09,1,9,stars,stars,Content,0.28204466310443016,NOUN
39,10,39Aw10,1,10,they,they,Function,0.5176248573239932,PRON
39,11,39Aw11,1,11,employ,employ.,Content,0.19932924009972844,VERB
39,12,39Bw01,2,1,They,They,Function,null,PRON
39,13,39Bw02,2,2,want,want,Content,null,VERB
39,14,39Bw03,2,3,to,to,Function,null,ADP
39,15,39Bw04,2,4,be,be,Content,0.2253854446301338,AUX
39,16,39Bw05,2,5,seen,seen,Content,0.20468127142864145,VERB
39,17,39Bw06,2,6,in,in,Function,0.30493622877972987,ADP
39,18,39Bw07,2,7,the,the,Function,0.3648600324161267,PRON
39,19,39Bw08,2,8,right,right,Content,0.2760588240308127,INTJ
39,20,39Bw09,2,9,booths,booths,Content,0.0990560332792955,NOUN
39,21,39Bw10,2,10,at,at,Function,0.26722197810754555,ADP
39,22,39Bw11,2,11,the,the,Function,0.38184115040717415,PRON
39,23,39Bw12,2,12,right,right,Content,0.5068868857533502,INTJ
39,24,39Bw13,2,13,restaurants,restaurants.,Content,0.2092333369505437,NOUN
40,1,40Aw01,1,1,The,The,Function,null,PRON
40,2,40Aw02,1,2,more,more,Content,null,ADJ
40,3,40Aw03,1,3,we,we,Function,0.2443214226024962,PRON
40,4,40Aw04,1,4,learn,learn,Content,0.24475648385651033,VERB
40,5,40Aw05,1,5,about,about,Function,0.41158439669852387,ADP
40,6,40Aw06,1,6,how,how,Content,0.40435085648132874,SCONJ
40,7,40Aw07,1,7,people,people,Content,0.2881201393593988,NOUN
40,8,40Aw08,1,8,really,really,Content,0.5359977279086992,ADV
40,9,40Aw09,1,9,think,"think,",Content,0.5964409334989444,VERB
40,10,40Aw10,1,10,the,the,Function,0.31046394406201516,PRON
40,11,40Aw11,1,11,more,more,Content,0.565094200961216,ADJ
40,12,40Aw12,1,12,we,we,Function,0.5524097534136025,PRON
40,13,40Aw13,1,13,must,must,Function,0.2357512115475294,INTJ
40,14,40Aw14,1,14,rethink,rethink,Content,0.2819616452546085,NOUN
40,15,40Aw15,1,15,economic,economic,Content,0.1952647230223007,ADJ
40,16,40Aw16,1,16,theory,theory.,Content,0.24898014253797274,NOUN
40,17,40Bw01,2,1,Changes,Changes,Content,null,NOUN
40,18,40Bw02,2,2,in,in,Function,0.13887462303183545,ADP
40,19,40Bw03,2,3,fundamental,fundamental,Content,0.22479475748778502,ADJ
40,20,40Bw04,2,4,beliefs,beliefs,Content,0.24916847899423084,NOUN
40,21,40Bw05,2,5,play,play,Content,0.11700398439090719,NOUN
40,22,40Bw06,2,6,a,a,Function,null,INTJ
40,23,40Bw07,2,7,major,major,Content,0.19827180909963102,ADJ
40,24,40Bw08,2,8,role,role,Content,0.27305275950645524,NOUN
40,25,40Bw09,2,9,in,in,Function,0.23343199781243307,ADP
40,26,40Bw10,2,10,the,the,Function,0.31383552810132254,PRON
40,27,40Bw11,2,11,fluctuations,fluctuations,Content,0.2883606378314415,NOUN
40,28,40Bw12,2,12,of,of,Function,null,ADP
40,29,40Bw13,2,13,the,the,Function,0.28954678348753193,PRON
40,30,40Bw14,2,14,economy,economy.,Content,0.18084363962798838,NOUN
41,1,41Aw01,1,1,History,History,Content,null,NOUN
41,2,41Aw02,1,2,suggests,suggests,Content,0.07491563779798899,VERB
41,3,41Aw03,1,3,that,that,Function,0.1668568651643908,SCONJ
41,4,41Aw04,1,4,the,the,Function,0.28140445306865514,PRON
41,5,41Aw05,1,5,world,world,Content,0.19029791189237827,NOUN
41,6,41Aw06,1,6,is,is,Content,0.37319055001798823,AUX
41,7,41Aw07,1,7,about,about,Function,0.25252802428053817,ADP
41,8,41Aw08,1,8,due,due,Content,0.138353100759687,ADJ
41,9,41Aw09,1,9,for,for,Function,0.34123899595068413,ADP
41,10,41Aw10,1,10,another,another,Function,0.26775743964122817,PRON
41,11,41Aw11,1,11,financial,financial,Content,0.1904284858852944,ADJ
41,12,41Aw12,1,12,crisis,crisis.,Content,0.2856521574598058,NOUN
41,13,41Bw01,2,1,One,One,Function,null,NUM
41,14,41Bw02,2,2,of,of,Function,null,ADP
41,15,41Bw03,2,3,the,the,Function,null,PRON
41,16,41Bw04,2,4,places,places,Content,null,NOUN
41,17,41Bw05,2,5,it,it,Function,0.21571185161088802,PRON
41,18,41Bw06,2,6,might,might,Function,0.19544277032766538,ADV
41,19,41Bw07,2,7,start,"start,",Content,0.11815598863518356,VERB
41,20,41Bw08,2,8,according,according,Content,0.05844477099283221,VERB
41,21,41Bw09,2,9,to,to,Function,null,ADP
41,22,41Bw10,2,10,a,a,Function,null,INTJ
41,23,41Bw11,2,11,growing,growing,Content,0.12461369792060963,VERB
41,24,41Bw12,2,12,number,number,Content,0.27706300005664525,NOUN
41,25,41Bw13,2,13,of,of,Function,null,ADP
41,26,41Bw14,2,14,indicators,"indicators,",Content,0.170977042156839,NOUN
41,27,41Bw15,2,15,is,is,Content,0.28908785821971944,AUX
41,28,41Bw16,2,16,Italy,Italy.,Content,0.043904902275055176,PROPN
42,1,42Aw01,1,1,Few,Few,Content,null,ADJ
42,2,42Aw02,1,2,doubt,doubt,Content,0.13399878507673205,NOUN
42,3,42Aw03,1,3,that,that,Function,0.29799027691601576,SCONJ
42,4,42Aw04,1,4,energy,energy,Content,0.07864382477115343,NOUN
42,5,42Aw05,1,5,has,has,Content,0.20868598675900138,VERB
42,6,42Aw06,1,6,improved,improved,Content,0.20958175861363118,VERB
42,7,42Aw07,1,7,lives,lives,Content,0.09102068872012363,NOUN
42,8,42Aw08,1,8,and,and,Function,null,CCONJ
42,9,42Aw09,1,9,enabled,enabled,Content,0.23886561899546424,VERB
42,10,42Aw10,1,10,human,human,Content,0.18935394552558482,ADJ
42,11,42Aw11,1,11,progress,progress.,Content,0.2608640187119829,NOUN
42,12,42Bw01,2,1,Yet,Yet,Content,null,ADV
42,13,42Bw02,2,2,one,one,Function,0.3204011647920344,NUM
42,14,42Bw03,2,3,of,of,Function,null,ADP
42,15,42Bw04,2,4,the,the,Function,0.26867144384154584,PRON
42,16,42Bw05,2,5,biggest,biggest,Content,0.13821461114727532,ADJ
42,17,42Bw06,2,6,challenges,challenges,Content,0.16509030553098675,NOUN
42,18,42Bw07,2,7,facing,facing,Content,0.4168521325385284,VERB
42,19,42Bw08,2,8,the,the,Function,0.3548460648974249,PRON
42,20,42Bw09,2,9,world,world,Content,0.2843137732782824,NOUN
42,21,42Bw10,2,10,is,is,Content,0.32839735010452453,AUX
42,22,42Bw11,2,11,the,the,Function,0.39626233437766467,PRON
42,23,42Bw12,2,12,polarized,polarized,Content,0.12968709593679772,VERB
42,24,42Bw13,2,13,debate,debate,Content,0.263201800837982,NOUN
42,25,42Bw14,2,14,over,over,Function,0.22978973922665316,ADP
42,26,42Bw15,2,15,the,the,Function,0.38664622880513055,PRON
42,27,42Bw16,2,16,future,future,Content,0.30913580327272033,NOUN
42,28,42Bw17,2,17,of,of,Function,null,ADP
42,29,42Bw18,2,18,energy,energy.,Content,0.24379749862230027,NOUN
43,1,43Aw01,1,1,Dance,Dance,Content,null,NOUN
43,2,43Aw02,1,2,is,is,Content,0.030982057818364658,AUX
43,3,43Aw03,1,3,about,about,Function,0.15069977951954566,ADP
43,4,43Aw04,1,4,change,change.,Content,0.19801391557553327,NOUN
43,5,43Bw01,2,1,The,The,Function,null,PRON
43,6,43Bw02,2,2,body,body,Content,null,NOUN
43,7,43Bw03,2,3,keeps,keeps,Content,0.09789757215224504,VERB
43,8,43Bw04,2,4,altering,altering,Content,0.22979877409258131,VERB
43,9,43Bw05,2,5,its,its,Function,0.1920579181672893,PRON
43,10,43Bw06,2,6,shape,shape,Content,0.2938112700155332,NOUN
43,11,43Bw07,2,7,while,while,Function,0.20542479164035837,SCONJ
43,12,43Bw08,2,8,we,we,Function,0.1268032502608233,PRON
43,13,43Bw09,2,9,watch,watch,Content,0.1376662940352134,VERB
43,14,43Bw10,2,10,it,it,Function,0.3005578329695522,PRON
43,15,43Bw11,2,11,move,move.,Content,0.19910373087551356,VERB
44,1,44Aw01,1,1,Plants,Plants,Content,null,NOUN
44,2,44Aw02,1,2,have,have,Content,0.06586487317552635,VERB
44,3,44Aw03,1,3,no,no,Function,0.18666172176440562,INTJ
44,4,44Aw04,1,4,eyes,"eyes,",Content,0.14763641773569142,NOUN
44,5,44Aw05,1,5,no,no,Function,0.1571059689849978,INTJ
44,6,44Aw06,1,6,ears,"ears,",Content,0.41457110176781664,NOUN
44,7,44Aw07,1,7,no,no,Function,0.13832807968469504,INTJ
44,8,44Aw08,1,8,mouth,mouth,Content,0.45550951914087773,NOUN
44,9,44Aw09,1,9,and,and,Function,null,CCONJ
44,10,44Aw10,1,10,no,no,Function,0.14365530205371316,INTJ
44,11,44Aw11,1,11,hands,hands.,Content,0.41676165302875245,NOUN
44,12,44Bw01,2,1,They,They,Function,null,PRON
44,13,44Bw02,2,2,do,do,Content,null,VERB
44,14,44Bw03,2,3,not,not,Content,0.7125732160139493,PART
44,15,44Bw04,2,4,have,have,Content,0.47248737569204086,VERB
44,16,44Bw05,2,5,a,a,Function,null,INTJ
44,17,44Bw06,2,6,brain,brain,Content,0.12529370239145934,NOUN
44,18,44Bw07,2,7,or,or,Function,0.36453231409275405,CCONJ
44,19,44Bw08,2,8,a,a,Function,null,INTJ
44,20,44Bw09,2,9,nervous,nervous,Content,0.2919137230486339,ADJ
44,21,44Bw10,2,10,system,system.,Content,0.19012492898292915,NOUN
45,1,45Aw01,1,1,There,There,Content,null,ADV
45,2,45Aw02,1,2,are,are,Content,0.21421590414883712,AUX
45,3,45Aw03,1,3,many,many,Content,0.4888310792520372,ADJ
45,4,45Aw04,1,4,more,more,Content,0.34399742334365657,ADJ
45,5,45Aw05,1,5,gorillas,gorillas,Content,0.12781679424836934,NOUN
45,6,45Aw06,1,6,and,and,Function,null,CCONJ
45,7,45Aw07,1,7,chimpanzees,chimpanzees,Content,0.43414141740392626,NOUN
45,8,45Aw08,1,8,than,than,Function,0.3895460398805988,ADP
45,9,45Aw09,1,9,previously,previously,Content,0.17664233309468025,ADV
45,10,45Aw10,1,10,believed,"believed,",Content,0.240746280737359,VERB
45,11,45Aw11,1,11,new,new,Content,0.1733769077318057,ADJ
45,12,45Aw12,1,12,research,research,Content,0.2497172266990622,NOUN
45,13,45Aw13,1,13,finds,finds.,Content,0.18097987476216626,VERB
45,14,45Bw01,2,1,Nonetheless,"Nonetheless,",Content,null,ADV
45,15,45Bw02,2,2,their,their,Function,0.17113300091839187,PRON
45,16,45Bw03,2,3,numbers,numbers,Content,0.2311353053814167,NOUN
45,17,45Bw04,2,4,are,are,Content,0.28605260076407896,AUX
45,18,45Bw05,2,5,rapidly,rapidly,Content,0.21028527001395697,ADV
45,19,45Bw06,2,6,declining,declining.,Content,0.3162273595293264,VERB
46,1,46Aw01,1,1,Forests,Forests,Content,null,NOUN
46,2,46Aw02,1,2,are,are,Content,0.09843298585612426,AUX
46,3,46Aw03,1,3,disappearing,disappearing.,Content,0.25579500892613893,VERB
46,4,46Bw01,2,1,Maps,Maps,Content,null,NOUN
46,5,46Bw02,2,2,show,show,Content,0.060038417401717406,NOUN
46,6,46Bw03,2,3,shrinking,shrinking,Content,0.11832646462781453,VERB
46,7,46Bw04,2,4,woodlands,woodlands,Content,0.20754595429994846,NOUN
46,8,46Bw05,2,5,all,all,Function,0.21464939561191104,PRON
46,9,46Bw06,2,6,over,over,Function,0.14931672146038302,ADP
46,10,46Bw07,2,7,the,the,Function,0.20445482597580772,PRON
46,11,46Bw08,2,8,world,world.,Content,0.13313410386058158,NOUN
47,1,47Aw01,1,1,A,A,Function,null,NOUN
47,2,47Aw02,1,2,cowboy,cowboy,Content,null,PROPN
47,3,47Aw03,1,3,walks,walks,Content,0.12341191583785298,NOUN
47,4,47Aw04,1,4,into,into,Function,0.06753186550186371,ADP
47,5,47Aw05,1,5,a,a,Function,null,INTJ
47,6,47Aw06,1,6,bar,bar.,Content,0.15979757598331007,NOUN
47,7,47Bw01,2,1,Or,Or,Function,null,CCONJ
47,8,47Bw02,2,2,more,more,Content,null,ADJ
47,9,47Bw03,2,3,specifically,"specifically,",Content,0.09314207444009676,ADV
47,10,47Bw04,2,4,a,a,Function,null,INTJ
47,11,47Bw05,2,5,Nigerian,Nigerian,Content,0.036401620007451715,ADJ
47,12,47Bw06,2,6,immigrant,immigrant,Content,0.04680477087636781,ADJ
47,13,47Bw07,2,7,grad,grad,Content,0.14766676039983534,NOUN
47,14,47Bw08,2,8,student,student,Content,0.4028498108714927,NOUN
47,15,47Bw09,2,9,in,in,Function,0.18712104706662033,ADP
47,16,47Bw10,2,10,a,a,Function,null,INTJ
47,17,47Bw11,2,11,cowboy,cowboy,Content,0.22412089212248537,PROPN
47,18,47Bw12,2,12,hat,hat,Content,0.2160925257012003,PROPN
47,19,47Bw13,2,13,walks,walks,Content,0.10898678512354872,NOUN
47,20,47Bw14,2,14,into,into,Function,0.1280242827133432,ADP
47,21,47Bw15,2,15,a,a,Function,null,INTJ
47,22,47Bw16,2,16,bar,bar,Content,0.22292969424792203,NOUN
47,23,47Bw17,2,17,in,in,Function,0.19031210728555634,ADP
47,24,47Bw18,2,18,Oklahoma,Oklahoma.,Content,0.2982772796428679,PROPN
48,1,48Aw01,1,1,One,One,Function,null,NUM
48,2,48Aw02,1,2,man,man,Content,null,INTJ
48,3,48Aw03,1,3,vanished,vanished,Content,0.17766009071774802,PROPN
48,4,48Aw04,1,4,diving,diving,Content,0.12456568234004468,NOUN
48,5,48Aw05,1,5,at,at,Function,0.08117259001012628,ADP
48,6,48Aw06,1,6,midnight,midnight.,Content,0.18182377062296767,NOUN
48,7,48Bw01,2,1,Another,Another,Function,null,PRON
48,8,48Bw02,2,2,was,was,Content,null,AUX
48,9,48Bw03,2,3,attacked,attacked,Content,0.15156867673968893,VERB
48,10,48Bw04,2,4,by,by,Function,0.28241176460644923,ADP
48,11,48Bw05,2,5,a,a,Function,null,INTJ
48,12,48Bw06,2,6,great,great,Content,0.09236858033691714,ADJ
48,13,48Bw07,2,7,white,white,Content,0.17752154073006587,ADJ
48,14,48Bw08,2,8,shark,shark,Content,0.20153147349967193,NOUN
48,15,48Bw09,2,9,in,in,Function,0.22009460809846826,ADP
48,16,48Bw10,2,10,deep,deep,Content,0.20777094385791423,ADJ
48,17,48Bw11,2,11,water,water.,Content,0.28395489561670006,NOUN
49,1,49Aw01,1,1,Student,Student,Content,null,NOUN
49,2,49Aw02,1,2,loans,loans,Content,0.13489287111712878,NOUN
49,3,49Aw03,1,3,are,are,Content,0.05982137589951734,AUX
49,4,49Aw04,1,4,central,central,Content,0.10638414530950972,ADJ
49,5,49Aw05,1,5,to,to,Function,null,ADP
49,6,49Aw06,1,6,financing,financing,Content,0.3709511839651882,NOUN
49,7,49Aw07,1,7,college,college,Content,0.33993130750449174,NOUN
49,8,49Aw08,1,8,educations,"educations,",Content,0.4813003413884205,NOUN
49,9,49Aw09,1,9,yet,yet,Content,0.13280010668506662,CCONJ
49,10,49Aw10,1,10,millions,millions,Content,0.19685729345523134,NOUN
49,11,49Aw11,1,11,of,of,Function,null,ADP
49,12,49Aw12,1,12,borrowers,borrowers,Content,0.5136207436119071,NOUN
49,13,49Aw13,1,13,are,are,Content,0.35644186363185265,AUX
49,14,49Aw14,1,14,in,in,Function,0.23558771317955735,ADP
49,15,49Aw15,1,15,default,default.,Content,0.2976871012871788,NOUN
49,16,49Bw01,2,1,That,That,Function,null,PRON
49,17,49Bw02,2,2,is,is,Content,null,AUX
49,18,49Bw03,2,3,clear,clear,Content,0.13901856860822012,ADJ
49,19,49Bw04,2,4,evidence,evidence,Content,0.22519249748419137,NOUN
49,20,49Bw05,2,5,that,that,Function,0.39943058951619514,SCONJ
49,21,49Bw06,2,6,the,the,Function,0.3099436416225342,PRON
49,22,49Bw07,2,7,system,system,Content,0.14420918312349099,NOUN
49,23,49Bw08,2,8,is,is,Content,0.5154178613423903,AUX
49,24,49Bw09,2,9,in,in,Function,0.23458771408907056,ADP
49,25,49Bw10,2,10,dire,dire,Content,0.19076018606337958,ADJ
49,26,49Bw11,2,11,need,need,Content,0.343143773917405,NOUN
49,27,49Bw12,2,12,of,of,Function,null,ADP
49,28,49Bw13,2,13,improvement,improvement.,Content,0.2825483401982965,NOUN
50,1,50Aw01,1,1,People,People,Content,null,NOUN
50,2,50Aw02,1,2,seem,seem,Content,0.16624187199455137,VERB
50,3,50Aw03,1,3,to,to,Function,null,ADP
50,4,50Aw04,1,4,be,be,Content,0.3242530891054326,AUX
50,5,50Aw05,1,5,more,more,Content,0.3425942769522295,ADJ
50,6,50Aw06,1,6,worried,worried,Content,0.21488601245305688,ADJ
50,7,50Aw07,1,7,than,than,Function,0.46156852179195934,ADP
50,8,50Aw08,1,8,ever,ever,Content,0.31647514798244986,ADV
50,9,50Aw09,1,9,about,about,Content,0.4513123745138687,ADP
50,10,50Aw10,1,10,stress,stress.,Content,0.21649467584676585,NOUN
50,11,50Bw01,2,1,We,We,Function,null,PRON
50,12,50Bw02,2,2,hear,hear,Content,null,VERB
50,13,50Bw03,2,3,that,that,Function,0.21917974677322774,SCONJ
50,14,50Bw04,2,4,stress,stress,Content,0.09303069643660344,NOUN
50,15,50Bw05,2,5,can,can,Function,0.19916630635680344,AUX
50,16,50Bw06,2,6,lead,lead,Content,0.07696851132488595,NOUN
50,17,50Bw07,2,7,to,to,Function,null,ADP
50,18,50Bw08,2,8,everything,everything,Content,0.19612088869457786,PRON
50,19,50Bw09,2,9,from,from,Function,0.1536940052175527,ADP
50,20,50Bw10,2,10,depression,depression,Content,0.2754566918073486,NOUN
50,21,50Bw11,2,11,to,to,Function,null,ADP
50,22,50Bw12,2,12,cancer,cancer.,Content,0.28470160668257644,NOUN
51,1,51Aw01,1,1,Music,Music,Content,null,NOUN
51,2,51Aw02,1,2,can,can,Function,0.08331434025374078,AUX
51,3,51Aw03,1,3,transport,transport,Content,0.06173298436413021,NOUN
51,4,51Aw04,1,4,us,us,Function,0.09646176746057294,PRON
51,5,51Aw05,1,5,back,back,Content,0.08509223206082325,ADV
51,6,51Aw06,1,6,in,in,Function,0.27347608373140136,ADP
51,7,51Aw07,1,7,time,time,Content,0.20609610780859472,NOUN
51,8,51Aw08,1,8,or,or,Function,0.18107153740216508,CCONJ
51,9,51Aw09,1,9,help,help,Content,0.23193138860685297,VERB
51,10,51Aw10,1,10,usher,usher,Content,0.17125762036379594,PROPN
51,11,51Aw11,1,11,in,in,Function,0.33380219693404484,ADP
51,12,51Aw12,1,12,new,new,Content,0.3304314189208324,ADJ
51,13,51Aw13,1,13,ways,ways,Content,0.29605990280027566,NOUN
51,14,51Aw14,1,14,of,of,Function,null,ADP
51,15,51Aw15,1,15,thinking,thinking.,Content,0.3405104374743401,VERB
51,16,51Bw01,2,1,It,It,Function,null,PRON
51,17,51Bw02,2,2,can,can,Function,null,AUX
51,18,51Bw03,2,3,capture,capture,Content,null,NOUN
51,19,51Bw04,2,4,a,a,Function,null,INTJ
51,20,51Bw05,2,5,historical,historical,Content,0.09094558666870674,ADJ
51,21,51Bw06,2,6,moment,moment,Content,0.15655221806412045,NOUN
51,22,51Bw07,2,7,or,or,Function,0.14526197166562158,CCONJ
51,23,51Bw08,2,8,offer,offer,Content,0.13938617316506988,NOUN
51,24,51Bw09,2,9,an,an,Function,0.14903750129461465,PRON
51,25,51Bw10,2,10,escape,escape,Content,0.24093953567334295,NOUN
51,26,51Bw11,2,11,from,from,Function,0.19982545470812604,ADP
51,27,51Bw12,2,12,the,the,Function,0.31595762754352796,PRON
51,28,51Bw13,2,13,world,world,Content,0.19032771956667494,NOUN
51,29,51Bw14,2,14,around,around,Function,0.24050533625938786,ADP
51,30,51Bw15,2,15,us,us.,Function,0.3151727880238564,PRON
52,1,52Aw01,1,1,The,The,Function,null,PRON
52,2,52Aw02,1,2,laws,laws,Content,null,NOUN
52,3,52Aw03,1,3,that,that,Function,0.1094197584799922,SCONJ
52,4,52Aw04,1,4,authorize,authorize,Content,0.1983729426558539,VERB
52,5,52Aw05,1,5,medical,medical,Content,0.13354397734674156,ADJ
52,6,52Aw06,1,6,aid,aid,Content,0.21617686319030416,PROPN
52,7,52Aw07,1,7,in,in,Function,0.16301311475412808,ADP
52,8,52Aw08,1,8,dying,dying,Content,0.13201134648072674,VERB
52,9,52Aw09,1,9,have,have,Content,0.1595693577967202,VERB
52,10,52Aw10,1,10,worked,worked,Content,0.10319266866939325,VERB
52,11,52Aw11,1,11,exactly,exactly,Content,0.21165327478332965,ADV
52,12,52Aw12,1,12,as,as,Function,0.22581161546302686,ADP
52,13,52Aw13,1,13,intended,"intended,",Content,0.2897451987751651,VERB
52,14,52Aw14,1,14,the,the,Function,0.3629350012487238,PRON
52,15,52Aw15,1,15,evidence,evidence,Content,0.2191410482017064,NOUN
52,16,52Aw16,1,16,shows,shows.,Content,0.1640904688413403,NOUN
52,17,52Bw01,2,1,They,They,Function,null,PRON
52,18,52Bw02,2,2,have,have,Content,null,VERB
52,19,52Bw03,2,3,benefited,benefited,Content,0.2368484935924163,VERB
52,20,52Bw04,2,4,dying,dying,Content,0.06611607082176106,VERB
52,21,52Bw05,2,5,patients,patients,Content,0.17049055267064392,NOUN
52,22,52Bw06,2,6,and,and,Function,null,CCONJ
52,23,52Bw07,2,7,their,their,Function,0.25331325672601684,PRON
52,24,52Bw08,2,8,families,families,Content,0.3608462978547952,NOUN
52,25,52Bw09,2,9,without,without,Function,0.25584223897862357,ADP
52,26,52Bw10,2,10,causing,causing,Content,0.1531378570915638,VERB
52,27,52Bw11,2,11,any,any,Function,0.23207113902608192,INTJ
52,28,52Bw12,2,12,harm,harm,Content,0.3462538040235361,NOUN
52,29,52Bw13,2,13,to,to,Function,null,ADP
52,30,52Bw14,2,14,anyone,anyone.,Content,0.27083773128784067,PRON
53,1,53Aw01,1,1,Israel,Israel,Content,null,PROPN
53,2,53Aw02,1,2,cannot,cannot,Function,0.2087382094055236,INTJ
53,3,53Aw03,1,3,define,define,Content,0.027939056173127648,VERB
53,4,53Aw04,1,4,a,a,Function,null,INTJ
53,5,53Aw05,1,5,Jew,Jew.,Content,0.5157612065971617,PROPN
53,6,53Bw01,2,1,And,And,Function,null,CCONJ
53,7,53Bw02,2,2,the,the,Function,null,PRON
53,8,53Bw03,2,3,more,more,Content,null,ADJ
53,9,53Bw04,2,4,it,it,Function,0.3793831961995213,PRON
53,10,53Bw05,2,5,attempts,attempts,Content,0.07744677865842793,NOUN
53,11,53Bw06,2,6,to,to,Function,null,ADP
53,12,53Bw07,2,7,do,do,Content,0.1597350325122825,VERB
53,13,53Bw08,2,8,so,"so,",Content,0.5250916636614957,ADV
53,14,53Bw09,2,9,the,the,Function,0.3375187202507744,PRON
53,15,53Bw10,2,10,more,more,Content,0.618177360149316,ADJ
53,16,53Bw11,2,11,obvious,obvious,Content,0.23090982389634995,ADJ
53,17,53Bw12,2,12,that,that,Function,0.46920935016748233,SCONJ
53,18,53Bw13,2,13,becomes,becomes.,Content,0.29349558585058044,VERB
54,1,54Aw01,1,1,Corporate,Corporate,Content,null,ADJ
54,2,54Aw02,1,2,tax,tax,Content,0.3463550917334183,NOUN
54,3,54Aw03,1,3,cuts,cuts,Content,0.29396596734366703,NOUN
54,4,54Aw04,1,4,will,will,Function,0.14792789440726983,AUX
54,5,54Aw05,1,5,put,put,Content,0.07628699415493682,VERB
54,6,54Aw06,1,6,billions,billions,Content,0.2575945147396506,NOUN
54,7,54Aw07,1,7,of,of,Function,null,ADP
54,8,54Aw08,1,8,dollars,dollars,Content,0.49045015864510594,NOUN
54,9,54Aw09,1,9,back,back,Content,0.22900728379207194,ADV
54,10,54Aw10,1,10,in,in,Function,0.22650129314565007,ADP
54,11,54Aw11,1,11,the,the,Function,0.2446615412854898,PRON
54,12,54Aw12,1,12,hands,hands,Content,0.18529273520994802,NOUN
54,13,54Aw13,1,13,of,of,Function,null,ADP
54,14,54Aw14,1,14,businesses,businesses,Content,0.36906142107919543,NOUN
54,15,54Aw15,1,15,this,this,Function,0.21016907374722157,PRON
54,16,54Aw16,1,16,year,year.,Content,0.17785541293293977,NOUN
54,17,54Bw01,2,1,Naturally,"Naturally,",Content,null,ADV
54,18,54Bw02,2,2,people,people,Content,0.14322887435895248,NOUN
54,19,54Bw03,2,3,want,want,Content,0.3426991095539202,VERB
54,20,54Bw04,2,4,to,to,Function,null,ADP
54,21,54Bw05,2,5,know,know,Content,0.5907662663839355,VERB
54,22,54Bw06,2,6,how,how,Content,0.4720704719468024,SCONJ
54,23,54Bw07,2,7,those,those,Function,0.47390695260490256,PRON
54,24,54Bw08,2,8,businesses,businesses,Content,0.2392977167565155,NOUN
54,25,54Bw09,2,9,will,will,Function,0.31412245784749343,AUX
54,26,54Bw10,2,10,spend,spend,Content,0.22004160253147476,VERB
54,27,54Bw11,2,11,it,it.,Function,0.5147341802137614,PRON
55,1,55Aw01,1,1,Florida,"Florida,",Content,null,PROPN
55,2,55Aw02,1,2,it,it,Function,0.05209150900040141,PRON
55,3,55Aw03,1,3,seems,"seems,",Content,0.032924759612981386,VERB
55,4,55Aw04,1,4,has,has,Content,0.15910631058994024,VERB
55,5,55Aw05,1,5,always,always,Content,0.24102673673297045,ADV
55,6,55Aw06,1,6,been,been,Content,0.4125696644164394,AUX
55,7,55Aw07,1,7,a,a,Function,null,INTJ
55,8,55Aw08,1,8,popular,popular,Content,0.20192166716412563,ADJ
55,9,55Aw09,1,9,destination,destination.,Content,0.21600039019320214,NOUN
55,10,55Bw01,2,1,Even,Even,Content,null,ADV
55,11,55Bw02,2,2,the,the,Function,0.3227565536912526,PRON
55,12,55Bw03,2,3,first,first,Content,0.17619194695556137,ADJ
55,13,55Bw04,2,4,known,known,Content,0.10383954578523617,VERB
55,14,55Bw05,2,5,Americans,Americans,Content,0.04897196007261921,PROPN
55,15,55Bw06,2,6,gravitated,gravitated,Content,0.11310433674850719,VERB
55,16,55Bw07,2,7,to,to,Function,null,ADP
55,17,55Bw08,2,8,the,the,Function,0.2549217676549089,PRON
55,18,55Bw09,2,9,state,state.,Content,0.09338130213290895,NOUN
56,1,56Aw01,1,1,When,When,Content,null,SCONJ
56,2,56Aw02,1,2,early,early,Content,0.42029458441430606,ADV
56,3,56Aw03,1,3,humans,humans,Content,0.07328052843206509,NOUN
56,4,56Aw04,1,4,discovered,discovered,Content,0.205385956616456,VERB
56,5,56Aw05,1,5,how,how,Content,0.2848860683504013,SCONJ
56,6,56Aw06,1,6,to,to,Function,null,ADP
56,7,56Aw07,1,7,build,build,Content,0.1334599413003691,VERB
56,8,56Aw08,1,8,fires,"fires,",Content,0.18542815254803482,NOUN
56,9,56Aw09,1,9,life,life,Content,0.2448814248030692,NOUN
56,10,56Aw10,1,10,became,became,Content,0.24789672919190922,VERB
56,11,56Aw11,1,11,much,much,Content,0.3818534005976587,ADJ
56,12,56Aw12,1,12,easier,easier,Content,0.18677972320570935,ADJ
56,13,56Aw13,1,13,in,in,Function,0.3590555400891556,ADP
56,14,56Aw14,1,14,many,many,Content,0.4068625895647839,ADJ
56,15,56Aw15,1,15,regards,regards.,Content,0.2017978869507973,NOUN
56,16,56Bw01,2,1,They,They,Function,null,PRON
56,17,56Bw02,2,2,huddled,huddled,Content,null,VERB
56,18,56Bw03,2,3,around,around,Function,0.13844400202954707,ADP
56,19,56Bw04,2,4,fire,fire,Content,0.19627516794041108,NOUN
56,20,56Bw05,2,5,for,for,Function,0.06620865503752435,ADP
56,21,56Bw06,2,6,warmth,"warmth,",Content,0.26050404624123363,NOUN
56,22,56Bw07,2,7,light,light,Content,0.2852678370139659,NOUN
56,23,56Bw08,2,8,and,and,Function,null,CCONJ
56,24,56Bw09,2,9,protection,protection.,Content,0.189983499909752,NOUN
57,1,57Aw01,1,1,For,For,Function,null,ADP
57,2,57Aw02,1,2,most,most,Content,null,ADJ
57,3,57Aw03,1,3,of,of,Function,null,ADP
57,4,57Aw04,1,4,human,human,Content,0.09525896617054129,ADJ
57,5,57Aw05,1,5,history,"history,",Content,0.31092049543705264,NOUN
57,6,57Aw06,1,6,nobody,nobody,Content,0.24174469111277158,PRON
57,7,57Aw07,1,7,ate,ate,Content,0.1622462544752238,INTJ
57,8,57Aw08,1,8,a,a,Function,null,INTJ
57,9,57Aw09,1,9,vegetable,vegetable,Content,0.2232398329614335,ADJ
57,10,57Aw10,1,10,for,for,Function,0.2488190011646397,ADP
57,11,57Aw11,1,11,pleasure,pleasure.,Content,0.13531689614943068,NOUN
57,12,57Bw01,2,1,After,After,Function,null,ADP
57,13,57Bw02,2,2,all,"all,",Function,null,PRON
57,14,57Bw03,2,3,vegetables,vegetables,Content,null,NOUN
57,15,57Bw04,2,4,have,have,Content,0.07848150056139247,VERB
57,16,57Bw05,2,5,no,no,Function,0.15762543010503596,INTJ
57,17,57Bw06,2,6,evolutionary,evolutionary,Content,0.04242235195247401,ADJ
57,18,57Bw07,2,7,imperative,imperative,Content,0.12076194558480352,NOUN
57,19,57Bw08,2,8,to,to,Function,null,ADP
57,20,57Bw09,2,9,be,be,Content,0.22275684440569254,AUX
57,21,57Bw10,2,10,delicious,delicious.,Content,0.28440286019274064,ADJ
58,1,58Aw01,1,1,Animals,Animals,Content,null,NOUN
58,2,58Aw02,1,2,around,around,Function,0.08844001349955431,ADP
58,3,58Aw03,1,3,the,the,Function,0.061616887471921185,PRON
58,4,58Aw04,1,4,world,world,Content,0.07339517623201756,NOUN
58,5,58Aw05,1,5,are,are,Content,0.19256137008856414,AUX
58,6,58Aw06,1,6,on,on,Function,0.08943147767218926,ADP
58,7,58Aw07,1,7,the,the,Function,0.2211461450073063,PRON
58,8,58Aw08,1,8,move,move.,Content,0.18667608085185267,VERB
58,9,58Bw01,2,1,So,So,Content,null,ADV
58,10,58Bw02,2,2,are,are,Content,0.2886893378374493,AUX
58,11,58Bw03,2,3,their,their,Function,0.4129238120297663,PRON
58,12,58Bw04,2,4,parasites,parasites.,Content,0.1351149408738494,NOUN
59,1,59Aw01,1,1,Gifts,Gifts,Content,null,NOUN
59,2,59Aw02,1,2,are,are,Content,0.13638087906839974,AUX
59,3,59Aw03,1,3,often,often,Content,0.318263487621671,ADV
59,4,59Aw04,1,4,left,left,Content,0.12688230215829632,PROPN
59,5,59Aw05,1,5,on,on,Function,0.15366327837670057,ADP
59,6,59Aw06,1,6,front,front,Content,0.15644976613406428,NOUN
59,7,59Aw07,1,7,row,row,Content,0.18238800598928825,NOUN
59,8,59Aw08,1,8,seats,seats,Content,0.29740445430376194,NOUN
59,9,59Aw09,1,9,at,at,Function,0.22096000069637137,ADP
59,10,59Aw10,1,10,fashion,fashion,Content,0.1679197805547323,NOUN
59,11,59Aw11,1,11,shows,shows,Content,0.16757700240076268,NOUN
59,12,59Aw12,1,12,for,for,Function,0.3672841028687895,ADP
59,13,59Aw13,1,13,guests,guests.,Content,0.22395161632360872,NOUN
59,14,59Bw01,2,1,Rarely,"Rarely,",Content,null,ADV
59,15,59Bw02,2,2,however,"however,",Content,0.33735459020558517,ADV
59,16,59Bw03,2,3,are,are,Content,0.24397989000535883,AUX
59,17,59Bw04,2,4,they,they,Function,0.4938706277525617,PRON
59,18,59Bw05,2,5,placed,placed,Content,0.08618096561305798,VERB
59,19,59Bw06,2,6,on,on,Function,0.2990851971840619,ADP
59,20,59Bw07,2,7,every,every,Function,0.18737108079100942,PRON
59,21,59Bw08,2,8,seat,seat.,Content,0.08386903939705682,NOUN
60,1,60Aw01,1,1,Trying,Trying,Content,null,VERB
60,2,60Aw02,1,2,to,to,Function,null,ADP
60,3,60Aw03,1,3,figure,figure,Content,0.2381258733570542,NOUN
60,4,60Aw04,1,4,out,out,Function,0.25558530801366575,ADP
60,5,60Aw05,1,5,why,why,Content,0.32070654546919275,SCONJ
60,6,60Aw06,1,6,humans,humans,Content,0.1176209296785504,NOUN
60,7,60Aw07,1,7,cry,cry,Content,0.25071619609258244,NOUN
60,8,60Aw08,1,8,is,is,Content,0.18870855936157604,AUX
60,9,60Aw09,1,9,exhausting,exhausting.,Content,0.1613664220908336,NOUN
60,10,60Bw01,2,1,We,We,Function,null,PRON
60,11,60Bw02,2,2,cry,cry,Content,null,NOUN
60,12,60Bw03,2,3,about,about,Function,0.1461189149437932,ADP
60,13,60Bw04,2,4,death,"death,",Content,0.12853302943434772,NOUN
60,14,60Bw05,2,5,violence,"violence,",Content,0.267651260046283,NOUN
60,15,60Bw06,2,6,breakups,"breakups,",Content,0.23128986076538918,NOUN
60,16,60Bw07,2,7,abandoned,abandoned,Content,0.13836801310204286,VERB
60,17,60Bw08,2,8,puppies,"puppies,",Content,0.18484033982322393,NOUN
60,18,60Bw09,2,9,sweet,sweet,Content,0.23033514570651464,ADJ
60,19,60Bw10,2,10,kisses,kisses,Content,0.37493131999488555,NOUN
60,20,60Bw11,2,11,and,and,Function,null,CCONJ
60,21,60Bw12,2,12,words,words,Content,0.2949936096945568,NOUN
60,22,60Bw13,2,13,charged,charged,Content,0.135188166336003,VERB
60,23,60Bw14,2,14,with,with,Function,0.172806744579696,ADP
60,24,60Bw15,2,15,all,all,Function,0.20078856825081984,PRON
60,25,60Bw16,2,16,kinds,kinds,Content,0.2273947005974003,NOUN
60,26,60Bw17,2,17,of,of,Function,null,ADP
60,27,60Bw18,2,18,meanings,meanings.,Content,0.32430071685706935,NOUN
61,1,61Aw01,1,1,The,The,Function,null,PRON
61,2,61Aw02,1,2,most,most,Content,null,ADJ
61,3,61Aw03,1,3,popular,popular,Content,0.2528253730464815,ADJ
61,4,61Aw04,1,4,movie,movie,Content,0.11695452151849309,NOUN
61,5,61Aw05,1,5,in,in,Function,0.20155025501991497,ADP
61,6,61Aw06,1,6,India,India,Content,0.0901733463572496,PROPN
61,7,61Aw07,1,7,this,this,Function,0.17166437104662322,PRON
61,8,61Aw08,1,8,summer,summer,Content,0.11065491297003038,NOUN
61,9,61Aw09,1,9,is,is,Content,0.22686261616421755,AUX
61,10,61Aw10,1,10,about,about,Function,0.21270250780928085,ADP
61,11,61Aw11,1,11,a,a,Function,null,INTJ
61,12,61Aw12,1,12,toilet,toilet.,Content,0.11908436288947083,NOUN
61,13,61Bw01,2,1,It,It,Function,null,PRON
61,14,61Bw02,2,2,nearly,nearly,Content,null,ADV
61,15,61Bw03,2,3,causes,causes,Content,0.06140883810729447,NOUN
61,16,61Bw04,2,4,a,a,Function,null,INTJ
61,17,61Bw05,2,5,divorce,divorce.,Content,0.12187750029560594,NOUN
62,1,62Aw01,1,1,Bargain,Bargain,Content,null,NOUN
62,2,62Aw02,1,2,hunters,hunters,Content,0.09723257027578497,NOUN
62,3,62Aw03,1,3,have,have,Content,0.18236660589520726,VERB
62,4,62Aw04,1,4,begun,begun,Content,0.022511417847833108,PROPN
62,5,62Aw05,1,5,to,to,Function,null,ADP
62,6,62Aw06,1,6,pay,pay,Content,0.26119047601177886,VERB
62,7,62Aw07,1,7,close,close,Content,0.22792528648344149,ADV
62,8,62Aw08,1,8,attention,attention,Content,0.18728693892045484,NOUN
62,9,62Aw09,1,9,to,to,Function,null,ADP
62,10,62Aw10,1,10,emerging,emerging,Content,0.09556459936887995,VERB
62,11,62Aw11,1,11,market,market,Content,0.2308257668416387,NOUN
62,12,62Aw12,1,12,stocks,stocks.,Content,0.2946885470795685,NOUN
62,13,62Bw01,2,1,They,They,Function,null,PRON
62,14,62Bw02,2,2,are,are,Content,null,AUX
62,15,62Bw03,2,3,a,a,Function,null,INTJ
62,16,62Bw04,2,4,little,little,Content,0.1341825268045499,ADJ
62,17,62Bw05,2,5,late,late,Content,0.15088701970025784,ADJ
62,18,62Bw06,2,6,to,to,Function,null,ADP
62,19,62Bw07,2,7,the,the,Function,0.4269854206546897,PRON
62,20,62Bw08,2,8,game,game.,Content,0.21036449811361843,NOUN
63,1,63Aw01,1,1,One,One,Function,null,NUM
63,2,63Aw02,1,2,new,new,Content,null,ADJ
63,3,63Aw03,1,3,drug,drug,Content,0.09944479763881652,NOUN
63,4,63Aw04,1,4,promises,promises,Content,0.1686427413143096,NOUN
63,5,63Aw05,1,5,to,to,Function,null,ADP
63,6,63Aw06,1,6,stop,stop,Content,0.14660997728613,VERB
63,7,63Aw07,1,7,cancer,cancer,Content,0.23320484788867615,NOUN
63,8,63Aw08,1,8,from,from,Function,0.14530759851816918,ADP
63,9,63Aw09,1,9,spreading,spreading,Content,0.12506695997941103,VERB
63,10,63Aw10,1,10,to,to,Function,null,ADP
63,11,63Aw11,1,11,other,other,Content,0.26385626478769725,ADJ
63,12,63Aw12,1,12,organs,organs.,Content,0.19515616683078243,NOUN
63,13,63Bw01,2,1,Another,Another,Function,null,PRON
63,14,63Bw02,2,2,would,would,Function,null,AUX
63,15,63Bw03,2,3,treat,treat,Content,null,NOUN
63,16,63Bw04,2,4,blood,blood,Content,0.12104969608605479,NOUN
63,17,63Bw05,2,5,cancer,cancer.,Content,0.2829669882491457,NOUN
